StartDate,EndDate,Status,Progress,Duration (in seconds),Finished...7,RecordedDate,RecipientLastName,RecipientFirstName,RecipientEmail,ExternalReference,LocationLatitude,LocationLongitude,DistributionChannel,UserLanguage,Q75_Browser,Q75_Version,Q75_Operating System,Q75_Resolution,gender,hidden_country,age_exact,foreign,couple,hh_size,Nb_children__14,race_1,race_2,race_3,race_4,race_5,race_6,race_7,race_8,income,education,employment_status,zipcode,home_1,home_2,home_3,home_4,millionaire,voted,vote_US,vote_GB,vote_FR,vote_CH,vote_PL,concerns_field,wish_field,issue_field,Q92,conjoint,revenue_split_few_1,revenue_split_few_2,revenue_split_few_3,revenue_split_few_4,revenue_split_few_5,revenue_split_few_DO_1,revenue_split_few_DO_2,revenue_split_few_DO_3,revenue_split_few_DO_4,revenue_split_few_DO_5,revenue_split_many_1,revenue_split_many_2,revenue_split_many_3,revenue_split_many_4,revenue_split_many_5,revenue_split_many_6,revenue_split_many_7,revenue_split_many_8,revenue_split_many_9,revenue_split_many_10,revenue_split_many_11,revenue_split_many_12,revenue_split_many_13,revenue_split_many_DO_1,revenue_split_many_DO_2,revenue_split_many_DO_3,revenue_split_many_DO_4,revenue_split_many_DO_5,revenue_split_many_DO_6,revenue_split_many_DO_7,revenue_split_many_DO_8,revenue_split_many_DO_9,revenue_split_many_DO_10,revenue_split_many_DO_11,revenue_split_many_DO_12,revenue_split_many_DO_13,hidden_sum,ncs_support,donation_1,gcs_support,gcs_belief_1,ics_support,likely_solidarity,solidarity_support_1,solidarity_support_2,solidarity_support_3,solidarity_support_4,solidarity_support_5,solidarity_support_6,solidarity_support_7,solidarity_support_8,solidarity_support_9,solidarity_support_10,solidarity_support_c_1,solidarity_support_c_2,solidarity_support_c_3,solidarity_support_c_4,solidarity_support_c_5,global_tax_support,hic_tax_support,intl_tax_support,maritime_split_1,maritime_split_2,maritime_split_3,maritime_split_DO_1,maritime_split_DO_2,maritime_split_DO_3,ncqg_full,ncqg,ncqg_DO_1,ncqg_DO_4,ncqg_DO_5,ncqg_DO_2,ncqg_DO_3,ncqg_DO_6,ncqg_DO_7,sustainable_future_a,sustainable_future_s,sustainable_future_b,top1_tax_support,top1_tax_support_cut,top3_tax_support,top3_tax_support_cut,attention_test,transfer_how_1,transfer_how_2,transfer_how_3,transfer_how_4,transfer_how_5,transfer_how_6,transfer_how_7,transfer_how_DO_1,transfer_how_DO_2,transfer_how_DO_3,transfer_how_DO_4,transfer_how_DO_5,transfer_how_DO_6,transfer_how_DO_7,global_movement_1,global_movement_2,global_movement_4,global_movement_6,global_movement_3,vote_intl_coalition,vote_intl_coalition_DO_5,vote_intl_coalition_DO_6,vote_intl_coalition_DO_7,why_hic_help_lic_1,why_hic_help_lic_2,why_hic_help_lic_3,why_hic_help_lic_5,why_hic_help_lic_DO_1,why_hic_help_lic_DO_2,why_hic_help_lic_DO_3,why_hic_help_lic_DO_5,reparations_support,income_exact,Q94_First Click,Q94_Last Click,Q94_Page Submit,Q94_Click Count,custom_redistr_4,custom_redistr_5,well_being_gallup_0,well_being_gallup_1,well_being_wvs_0,well_being_wvs_1,gcs_comprehension,gcs_comprehension_DO_2,gcs_comprehension_DO_3,gcs_comprehension_DO_5,my_tax_global_nation,group_defended,donation_charities,interested_politics,involvement_govt_1,Q93_First Click,Q93_Last Click,Q93_Page Submit,Q93_Click Count,survey_biased,comment_field,interview,custom_redistr_winners,custom_redistr_losers,custom_redistr_degree,complete,quotasfull,screenout,speeder,Q_TotalDuration,Q_TerminateFlag,Finished...210,country,region,urbanity,cut,long,variant_split,variant_warm_glow,variant_realism,variant_ncqg_maritime,variant_radical_redistr,variant_gcs,variant_sliders,variant_radical_transfer,variant_synthetic,variant_comprehension,variant_belief,F-1-1,F-1-2,F-1-3,F-1-4,F-1-5,F-1-6,F-1-1-1,F-1-1-2,F-1-1-3,F-1-1-4,F-1-1-5,F-1-1-6,F-1-2-1,F-1-2-2,F-1-2-3,F-1-2-4,F-1-2-5,F-1-2-6,Q_Language,time_start,duration_consent,time_consent,duration_socios_demos,time_socios_demos,duration_field,time_field,duration_conjoint,time_conjoint,duration_global_tax,time_global_tax,duration_warm_glow_substitute,time_warm_glow_substitute,duration_gcs,time_gcs,duration_ics,time_ics,duration_warm_glow_realism,time_warm_glow_realism,duration_ncqg_maritime,time_ncqg_maritime,duration_wealth_tax,time_wealth_tax,duration_preferred_transfer_mean,time_preferred_transfer_mean,duration_radical_redistr,time_radical_redistr,duration_custom_redistr,time_custom_redistr,duration_well_being,time_well_being,duration_extra,time_extra,duration_main_questions,Open-endedfield_DO_issue_field,Open-endedfield_DO_Q92,Open-endedfield_DO_wish_field,Open-endedfield_DO_concerns_field,Cap&Sharenon-universal _DO_gcs_mid,Cap&Sharenon-universal _DO_gcs_high,Cap&Sharenon-universal _DO_ics_support,Cap&Sharenon-universal _DO_gcs_low,Cap&Sharenon-universal _DO_gcs_high_color,Wealthtaxdependingonsetsofcountries_DO_hic_tax_support,Wealthtaxdependingonsetsofcountries_DO_global_tax_support,Wealthtaxdependingonsetsofcountries_DO_intl_tax_support,Well-being_DO_well_being_gallup_1,Well-being_DO_well_being_wvs_1,Well-being_DO_well_being_wvs_0,Well-being_DO_well_being_gallup_0
2025-03-03 13:27:06,2025-03-03 13:39:16,IP Address,100,729,TRUE,2025-03-03 13:39:16,,,,,51.0864,16.9896,anonymous,PL,Chrome,133.0.0.0,Android 10,360x800,Woman,PL,40 to 44,No, I was born in this country and my parents too,No,2,1,,,,,,,,,between $801 and $900,7-8 Master's or higher,Full-time employed,51-004,Tenant,,,,Very unlikely,No,,,,,Civic Coalition,,,,,Neither of them,,,,,,,,,,,,40,10,,,,,,,,30,5,15,,2,1,,,,,,,,5,4,3,100,,20,No,,Yes,Unlikely,Somewhat oppose,Somewhat support,Somewhat oppose,Somewhat oppose,Somewhat oppose,Strongly oppose,Somewhat oppose,Somewhat oppose,Somewhat support,Somewhat oppose,,,,,,Yes,,,,,,,,,$100 billion,,,,,,,,,,,Scenario B,Somewhat support,,,,A little,A right way,An acceptable way,A wrong way,A wrong way,An acceptable way,An acceptable way,A wrong way,7,6,5,4,3,2,1,,,,,,,,,,,,,,,,,,,,,,,,,,6,,,,,,,,,Sentient beings (humans and animals),,,,3.319,6.399,6.974,3,Yes, left-wing biased,,,,,,141672_800d28b2,141672_a2c0152d,141672_aef1c3da,141672,729,,1,PL,,1,1,0.491331267285005,2,2,0,2,0,high_color,0,0,0,0,0,System podatkowy,Kwestie ekonomiczne,Polityka klimatyczna,Kwestie społeczne,Polityka zagraniczna,,Obniżenie podatków dla gospodarstw domowych o niskich dochodach poprzez zwiększenie kwoty wolnej od podatku,Przeznaczenie 5% PKB na wydatki wojskowe do 2030 r,Zakaz sprzedaży nowych samochodów z silnikiem spalinowym do 2035 r.,Wydłużony urlop rodzicielski, ulgi podatkowe na dzieci i możliwość pracy zdalnej,-,,Zwiększenie podatków od zysków dużych korporacji cyfrowych oraz firm zajmujących się paliwami kopalnymi,Przeznaczenie 5% PKB na wydatki wojskowe do 2030 r,Rezygnacja z węgla do 2035 r.,Złagodzenie restrykcji w zakresie zgromadzeń publicznych i protestów,-,,PL,1741004827.496,62.3789999485016,1741004889.875,,,1741005032.877,1741005032.877,60.7129998207092,1741005093.59,75.0780000686646,1741005168.668,18.7249999046326,1741005187.393,97.7330000400543,1741005285.126,125.490000009537,1741005312.883,102.476999998093,1741005415.36,1741005397.549,1741005397.549,77.8310000896454,1741005493.191,1741005469.784,1741005469.784,,,1741005526.309,1741005526.309,,,1741005548.612,1741005548.612,,,,,,,,2,,1,,1,,,,,1
2025-03-03 13:40:46,2025-03-03 13:43:49,IP Address,100,182,TRUE,2025-03-03 13:43:49,,,,,54.1756,19.4229,anonymous,PL,Chrome,133.0.0.0,Android 10,412x915,Man,PL,35 to 39,No, I was born in this country and my parents too,No,4,0,,,,,,,,,Prefer not to say,2 Medium school,Full-time employed,19-330,,Owner,,,,,,,,,,,,,,,,,,,,,,,,,,,,,,,,,,,,,,,,,,,,,,,,,,,,,,,,,,,,,,,,,,,,,,,,,,,,,,,,,,,,,,,,,,,,,,,,,,,,,,,,,,,,,,,,,,,,,,,,,,,,,,,,,,,,,,,,,,,,,,,,,,,,,,,,,,,,,,,,,141672_800d28b2,141672_a2c0152d,141672_aef1c3da,141672,182,QuotaMet,1,PL,,,1,0.757751512517629,2,1,1,2,1,,0,0,0,1,0,,,,,,,,,,,,,,,,,,,PL,1741005647.025,10.6840000152588,1741005657.709,,,,,,,,,,,,,,,,,,,,,,,,,,,,,,,,,,,,,,,,,,,,,,,
2025-03-03 13:41:21,2025-03-03 13:45:18,IP Address,100,236,TRUE,2025-03-03 13:45:18,,,,,50.0637,19.9338,anonymous,PL,Chrome,133.0.6943.137,Android 13,384x854,Man,PL,60 to 64,No, I was born in this country and my parents too,Yes,2,0,,,,,,,,,between $401 and $500,6 Bachelor's,Part-time employed,86-000,,Owner,,,Very unlikely,Yes,,,,,,,,,,,,,,,,,,,,,,,,,,,,,,,,,,,,,,,,,,,,,,,,,,,,,,,,,,,,,,,,,,,,,,,,,,,,,,,,,,,,,,,,,,,,,,,,,,,,,,,,,,,,,,,,,,,,,,,,,,,,,,,,,,,,,,,,,,,,,,,,,,,,,,,,,,,,,141672_800d28b2,141672_a2c0152d,141672_aef1c3da,141672,236,QuotaMet,1,PL,,0,1,0.176955566317066,2,0,1,2,0,,1,0,1,1,0,Polityka klimatyczna,Kwestie ekonomiczne,Kwestie społeczne,System podatkowy,Polityka zagraniczna,,Rezygnacja z węgla do 2035 r.,Przeznaczenie 5% PKB na wydatki wojskowe do 2030 r,Wydłużony urlop rodzicielski, ulgi podatkowe na dzieci i możliwość pracy zdalnej,Zwolnienie z podatku dochodowego dla seniorów opóźniających przejście na emeryturę,-,,Rezygnacja z węgla do 2035 r.,Przeznaczenie 5% PKB na wydatki wojskowe do 2030 r,Złagodzenie restrykcji w zakresie zgromadzeń publicznych i protestów,-,Międzynarodowy podatek od milionerów, z 30% finansowaniem opieki zdrowotnej i edukacji w krajach o niskich dochodach,,PL,1741005682.966,8.03799986839294,1741005691.004,,,,,,,,,,,,,,,,,,,,,,,,,,,,,,,,,,,,,,,,,,,,,,,
2025-03-03 13:32:59,2025-03-03 13:47:26,IP Address,100,866,TRUE,2025-03-03 13:47:26,,,,,52.2299,21.0093,anonymous,PL,Chrome,133.0.0.0,Android 10,412x892,Man,PL,65 to 69,Not me but both my parents were born in a foreign country,Yes,2,0,,,,,,,,,between $251 and $300,7-8 Master's or higher,Retired,11-042,,,,Hosted free of charge,Likely,Yes,,,,,Civic Coalition,,,,,Neither of them,,,,,,,,,,,,,,0,,,0,5,,,0,95,,,,,2,,,5,1,,,4,3,,100,Yes,,Yes,8,Yes,Very unlikely,,,,,,,,,,,Strongly support,Strongly support,Strongly support,Strongly support,Strongly support,,Yes,,,,,,,,$100 billion,,,,,,,,,,,Scenario B,,Strongly support,,,A little,,,,,,,,,,,,,,,,,I could attend a demonstration.,,,Yes, I would be more likely to vote for my party if it joined that coalition (or to vote for another party if only that other party joined the coalition).,1,2,3,High-income countries have a historical responsibility for the current situation in low-income countries.,,,,1,2,3,4,,,,,,,,,,,,5,,,,,Strongly agree,,,,,18.376,28.808,29.83,4,No, I do not feel it was biased,,,,,,141672_800d28b2,141672_a2c0152d,141672_aef1c3da,141672,866,,1,PL,,3,1,0.0213148652159876,2,1,1,2,0,high,1,1,1,0,1,System podatkowy,Polityka zagraniczna,Kwestie społeczne,Kwestie ekonomiczne,Polityka klimatyczna,,-,Ograniczenie pomocy rozwojowej,Wydłużony urlop rodzicielski, ulgi podatkowe na dzieci i możliwość pracy zdalnej,Przeznaczenie 5% PKB na wydatki wojskowe do 2030 r,-,,Zwolnienie z podatku dochodowego dla seniorów opóźniających przejście na emeryturę,Międzynarodowy podatek od milionerów, z 30% finansowaniem opieki zdrowotnej i edukacji w krajach o niskich dochodach,Przywrócenie praw reprodukcyjnych, w tym prawa do aborcji,-,Rezygnacja z węgla do 2035 r.,,PL,1741005180.881,9.81299996376038,1741005190.694,,,1741005351.617,1741005351.617,118.116999864578,1741005469.734,39.2269999980927,1741005508.961,13.9190001487732,1741005522.88,153.224999904633,1741005676.105,176.862999916077,1741005699.743,106.450000047684,1741005806.193,,,,,1741005842.639,1741005842.639,,,1741005991.438,1741005991.438,,,1741006015.696,1741006015.696,,,,,,,1,2,,,1,,,,1,,
2025-03-03 13:42:09,2025-03-03 13:53:34,IP Address,100,685,TRUE,2025-03-03 13:53:35,,,,,51.2585,22.5314,anonymous,PL,Chrome,132.0.0.0,Android 10,393x873,Man,PL,60 to 64,No, I was born in this country and my parents too,No,2,0,,,,,,,,,between $501 and $600,2 Some high school,Retired,22-100,Tenant,,,,Very unlikely,Yes,,,,,Civic Coalition,,,,,Candidate B,,,,,,,,,,,,25,,,10,,,30,,,10,,25,,5,,,3,,,1,,,2,,4,100,,52,Yes,,Yes,Unlikely,,,,,,,,,,,Strongly support,Somewhat support,Somewhat support,Indifferent,Indifferent,,Yes,,,,,,,,$300 billion,,,,,,,,,,,Scenario B,,Somewhat support,,,A little,An acceptable way,An acceptable way,An acceptable way,An acceptable way,An acceptable way,An acceptable way,An acceptable way,1,2,3,4,5,6,7,,,,,,,,,,,,,,,,,,,,,,,,,,,3,,,,,,,Neither agree nor disagree,,,,,4.555,5.499,8.588,2,No, I do not feel it was biased,,,,,,141672_800d28b2,141672_a2c0152d,141672_aef1c3da,141672,685,,1,PL,,3,1,0.0913307527292824,2,2,1,2,0,low,1,0,1,0,0,Polityka zagraniczna,Kwestie społeczne,System podatkowy,Polityka klimatyczna,Kwestie ekonomiczne,,Międzynarodowy podatek od milionerów, z 30% finansowaniem opieki zdrowotnej i edukacji w krajach o niskich dochodach,-,Zwolnienie z podatku dochodowego dla seniorów opóźniających przejście na emeryturę,-,Rozwój produkcji kolejowej i inwestycje w infrastrukturę,,-,Przywrócenie praw reprodukcyjnych, w tym prawa do aborcji,Zwiększenie podatków od zysków dużych korporacji cyfrowych oraz firm zajmujących się paliwami kopalnymi,-,Rozwój produkcji kolejowej i inwestycje w infrastrukturę,,PL,1741005730.939,16.7140002250671,1741005747.652,,,1741005850.724,1741005850.724,116.759000062943,1741005967.483,41.2820000648499,1741006008.765,11.1679999828339,1741006019.933,90.4609999656677,1741006110.394,116.534999847412,1741006136.468,102.406000137329,1741006238.874,,,111.304999828339,1741006350.179,1741006278.786,1741006278.786,,,1741006374.16,1741006374.16,,,1741006405.881,1741006405.881,,,,,,,,2,1,,1,,,1,,,
2025-03-03 13:47:01,2025-03-03 13:55:20,IP Address,100,498,TRUE,2025-03-03 13:55:21,,,,,51.8594,19.4097,anonymous,PL,Edge,133.0.0.0,Windows NT 10.0,1536x864,Woman,PL,45 to 49,No, I was born in this country and my parents too,No,2,0,,,,,,,,,less than $100,3-4 Vocational training,Unemployed (searching for a job),95-100,Tenant,,,,Very unlikely,Yes,,,,,Prefer not to say,,,,,Neither of them,,,,,,,,,,,,,50,,0,,0,,50,,0,,,,,2,,5,,4,,3,,1,,,100,,,No,7,No,Very unlikely,Indifferent,Strongly support,Indifferent,Indifferent,Indifferent,Indifferent,Indifferent,Indifferent,Indifferent,Indifferent,,,,,,Yes,,,,,,,,,,Stop all provision of climate finance.,1,2,3,4,5,6,7,,,Scenario A,Strongly support,,,,A little,,,,,,,,,,,,,,,I would not support such a movement.,,,,,My choice would not depend on which parties are part of that coalition.,1,2,3,,In the long run, it is in the interest of high-income countries to help low-income countries.,,,1,2,3,4,,,,,,,,,,,2,,,,,,Neither agree nor disagree,,,,,5.689,8.223,9.059,2,No, I do not feel it was biased,,,,,,141672_800d28b2,141672_a2c0152d,141672_aef1c3da,141672,498,,1,PL,,3,1,0.864639449600279,2,0,0,1,0,high,1,1,1,0,1,Polityka klimatyczna,Polityka zagraniczna,System podatkowy,Kwestie ekonomiczne,Kwestie społeczne,,-,Ograniczenie pomocy rozwojowej,Zwiększenie podatków od zysków dużych korporacji cyfrowych oraz firm zajmujących się paliwami kopalnymi,Przeznaczenie 5% PKB na wydatki wojskowe do 2030 r,-,,Rezygnacja z węgla do 2035 r.,-,-,Przeznaczenie 5% PKB na wydatki wojskowe do 2030 r,Przywrócenie praw reprodukcyjnych, w tym prawa do aborcji,,PL,1741006025.092,6.19700002670288,1741006031.289,,,1741006146.719,1741006146.719,25.8379998207092,1741006172.557,,,1741006231.698,1741006231.698,21.6240000724792,1741006253.322,45.7400000095367,1741006277.438,80.6690001487732,1741006358.107,1741006333.74,1741006333.74,,,1741006375.522,1741006375.522,,,1741006490.079,1741006490.079,,,1741006510.959,1741006510.959,,,,,,,1,2,,,,1,,,,1,
2025-03-03 13:56:34,2025-03-03 14:12:32,IP Address,100,957,TRUE,2025-03-03 14:12:33,,,,,50.3066,18.7764,anonymous,PL,Chrome,91.0.4472.88,Android 13,360x800,Man,PL,65 to 69,No, I was born in this country and my parents too,Yes,2,0,,,,,,,,,more than $900,2 Some high school,Part-time employed,46-100,,Owner,,,Very unlikely,Yes,,,,,Civic Coalition,,,,,Candidate A,,,,,,,,,,,,25,,,25,,,,0,,25,,25,,4,,,5,,,,3,,1,,2,100,Yes,,Yes,70,Yes,Unlikely,,,,,,,,,,,Indifferent,Somewhat oppose,Somewhat support,Indifferent,Indifferent,,Yes,,,,,,,,$600 billion,,,,,,,,,,Scenario B,,,,,Somewhat support,A little,,,,,,,,,,,,,,,,,I could attend a demonstration.,,,Yes, I would be more likely to vote for my party if it joined that coalition (or to vote for another party if only that other party joined the coalition).,3,2,1,High-income countries have a historical responsibility for the current situation in low-income countries.,,,,3,2,1,4,,,,,,,,,5,,,,increase,1,2,3,,Americans,,,,13.301,16.846,18.744,3,No, I do not feel it was biased,,,,,,141672_800d28b2,141672_a2c0152d,141672_aef1c3da,141672,957,,1,PL,,2,1,0.294324587400613,2,1,1,2,1,mid,0,1,0,1,1,Polityka zagraniczna,System podatkowy,Polityka klimatyczna,Kwestie ekonomiczne,Kwestie społeczne,,Ograniczenie pomocy rozwojowej,Zwolnienie z podatku dochodowego dla seniorów opóźniających przejście na emeryturę,Rezygnacja z węgla do 2035 r.,Przeznaczenie 5% PKB na wydatki wojskowe do 2030 r,-,,Ograniczenie pomocy rozwojowej,Zwolnienie z podatku dochodowego dla seniorów opóźniających przejście na emeryturę,Rezygnacja z węgla do 2035 r.,Rozwój produkcji kolejowej i inwestycje w infrastrukturę,Złagodzenie restrykcji w zakresie zgromadzeń publicznych i protestów,,PL,1741006595.64,9.81699991226196,1741006605.457,,,1741006798.008,1741006798.008,62.9010000228882,1741006860.909,76.0750000476837,1741006936.984,11.6579999923706,1741006948.642,44.4049999713898,1741006993.047,67.7760000228882,1741007016.418,187.522000074387,1741007203.94,,,,,1741007238.638,1741007238.638,,,1741007421.13,1741007421.13,34.7039999961853,1741007455.834,77.3980000019073,1741007533.232,,,,,,1,,2,,,1,,,,,,1
2025-03-03 14:21:08,2025-03-03 14:35:40,IP Address,100,871,TRUE,2025-03-03 14:35:40,,,,,53.4229,14.5628,anonymous,PL,Chrome,133.0.0.0,Android 10,360x780,Man,PL,60 to 64,Not me but one of my parents was born in a foreign country,Yes,4,0,,,,,,,,,between $601 and $700,3 High school diploma,Inactive (not searching for a job),74-400,,Owner,,,Unlikely,Yes,,,,,Civic Coalition,,,,,Candidate A,65,15,5,10,5,4,3,1,2,5,,,,,,,,,,,,,,,,,,,,,,,,,,,,,10,No,15,No,Unlikely,Somewhat support,Somewhat oppose,Somewhat support,Somewhat support,Somewhat support,Strongly support,Somewhat support,Somewhat support,Somewhat oppose,Indifferent,,,,,,,Yes,,,,,,,,,Maintain current contributions ($26 billion per year in grants, that is 0.04% of developed countries' GDP, and $80 billion in loans, or 0.1% of GDP).,7,6,5,4,3,2,1,,,Scenario A,Somewhat oppose,,,,A little,,,,,,,,,,,,,,,I would not support such a movement.,,,,,My choice would not depend on which parties are part of that coalition.,1,2,3,,In the long run, it is in the interest of high-income countries to help low-income countries.,,,2,1,3,4,,,,,,,,,,,,3,,,,,,Humans,,,,5.959,6.493,9.063,2,No, I do not feel it was biased,,,,,,141672_800d28b2,141672_a2c0152d,141672_aef1c3da,141672,871,,1,PL,,2,1,0.421461464236831,1,2,1,1,0,high,1,1,0,0,1,System podatkowy,Kwestie społeczne,Polityka zagraniczna,Kwestie ekonomiczne,Polityka klimatyczna,,Zwolnienie z podatku dochodowego dla seniorów opóźniających przejście na emeryturę,Wydłużony urlop rodzicielski, ulgi podatkowe na dzieci i możliwość pracy zdalnej,Ograniczenie pomocy rozwojowej,Przeznaczenie 5% PKB na wydatki wojskowe do 2030 r,Zakaz sprzedaży nowych samochodów z silnikiem spalinowym do 2035 r.,,-,Złagodzenie restrykcji w zakresie zgromadzeń publicznych i protestów,Ograniczenie pomocy rozwojowej,-,Rezygnacja z węgla do 2035 r.,,PL,1741008067.106,12.3800001144409,1741008079.486,,,1741008219.388,1741008219.388,26.9920001029968,1741008246.38,126.091999769211,1741008372.472,22.9800000190735,1741008395.451,92.6719999313354,1741008488.123,113.535000085831,1741008508.985,187.810000181198,1741008696.795,,,,,1741008760.192,1741008760.192,,,1741008905.289,1741008905.289,,,1741008928.194,1741008928.194,,,,,,,1,2,,,1,,,,1,,
2025-03-03 14:33:12,2025-03-03 14:45:18,IP Address,100,725,TRUE,2025-03-03 14:45:19,,,,,52.2129,21.0115,anonymous,PL,Firefox,115.0,Windows NT 6.1,1366x768,Man,PL,75 to 79,No, I was born in this country and my parents too,Yes,2,0,,,,,,,,,between $251 and $300,7-8 Master's or higher,Retired,05-500,Tenant,,,,Very unlikely,Yes,,,,,Civic Coalition,,,,,Candidate B,,,,,,,,,,,,,30,30,,,,20,10,,,,10,,,3,1,,,,4,5,,,,2,100,,,Yes,,Yes,Unlikely,Somewhat support,Somewhat support,Somewhat support,Somewhat support,Strongly support,Somewhat support,Strongly support,Somewhat support,Strongly support,Somewhat support,,,,,,Yes,,,,,,,,,$100 billion,,,,,,,,,,,Scenario B,Somewhat support,,,,A little,,,,,,,,,,,,,,,,I could sign a petition and spread ideas.,,,,My choice would not depend on which parties are part of that coalition.,3,2,1,,,Helping those in need is the right thing to do. This is also true at the international level.,,1,3,2,4,,,,,,,,,1,,,,decrease,1,2,3,,Humans,,,,6.369,6.369,9.785,1,No, I do not feel it was biased,,,,,,141672_800d28b2,141672_a2c0152d,141672_aef1c3da,141672,725,,1,PL,,2,1,0.629836039298642,2,0,0,2,0,mid,0,1,0,1,0,Polityka zagraniczna,Kwestie społeczne,System podatkowy,Kwestie ekonomiczne,Polityka klimatyczna,,Zatrzymanie osób, którym odmówiono azylu, do czasu ich deportacji,Wydłużony urlop rodzicielski, ulgi podatkowe na dzieci i możliwość pracy zdalnej,-,Przeznaczenie 5% PKB na wydatki wojskowe do 2030 r,-,,-,Przywrócenie praw reprodukcyjnych, w tym prawa do aborcji,Obniżenie podatków dla gospodarstw domowych o niskich dochodach poprzez zwiększenie kwoty wolnej od podatku,-,Rezygnacja z węgla do 2035 r.,,PL,1741008794.617,13.539999961853,1741008808.157,,,1741008901.101,1741008901.101,40.5909998416901,1741008941.692,,,1741009073.348,1741009073.348,17.6510000228882,1741009090.999,38.8959999084473,1741009112.244,137.558000087738,1741009249.802,1741009233.49,1741009233.49,,,1741009279.459,1741009279.459,,,1741009418.928,1741009418.928,21.8199999332428,1741009440.748,66.5429999828339,1741009507.291,,,,,,1,,2,,,,1,,,,,1
2025-03-03 14:29:40,2025-03-03 14:55:28,IP Address,100,1548,TRUE,2025-03-03 14:55:29,,,,,51.12,17.036,anonymous,PL,Chrome,131.0.0.0,Android 10,832x384,Man,PL,60 to 64,No, I was born in this country and my parents too,Yes,2,0,,,,,,,,,between $301 and $400,6 Bachelor's,Full-time employed,41503,Tenant,,,,Unlikely,Yes,,,,,The Left,,,,,Candidate A,50,15,10,0,25,1,3,2,4,5,,,,,,,,,,,,,,,,,,,,,,,,,,,,Yes,,No,26,Yes,Likely,Somewhat support,Somewhat oppose,Somewhat support,Somewhat support,Somewhat support,Indifferent,Somewhat support,Somewhat support,Somewhat support,Somewhat support,,,,,,,Yes,,,,,,,,,Increase loans (to meet the new goal of $300 billion, or 0.4% of GDP) while maintaining grants at their current level.,1,2,3,4,5,6,7,,Scenario B,,,,Somewhat support,,A little,,,,,,,,,,,,,,,,I could sign a petition and spread ideas.,I could attend a demonstration.,,,Yes, I would be more likely to vote for my party if it joined that coalition (or to vote for another party if only that other party joined the coalition).,3,2,1,,In the long run, it is in the interest of high-income countries to help low-income countries.,,,2,3,1,4,,,,,,,,,,3,,,,,,,,Sentient beings (humans and animals),,,,4.201,52.901,53.523,5,No, I do not feel it was biased,Bardzo ciekawa ankieta podnosząca bliskie mi idee,,,,,141672_800d28b2,141672_a2c0152d,141672_aef1c3da,141672,1548,,1,PL,,1,1,0.505092242617414,1,1,0,1,1,high_color,1,1,0,0,1,Kwestie ekonomiczne,System podatkowy,Kwestie społeczne,Polityka zagraniczna,Polityka klimatyczna,,Przeznaczenie 5% PKB na wydatki wojskowe do 2030 r,-,Przywrócenie praw reprodukcyjnych, w tym prawa do aborcji,Zatrzymanie osób, którym odmówiono azylu, do czasu ich deportacji,Zakaz sprzedaży nowych samochodów z silnikiem spalinowym do 2035 r.,,-,-,Złagodzenie restrykcji w zakresie zgromadzeń publicznych i protestów,Ograniczenie pomocy rozwojowej,-,,PL,1741008610.122,57.7639999389649,1741008667.886,,,1741008825.821,1741008825.821,40.3149998188019,1741008866.136,82.0060000419617,1741008948.142,19.7480001449585,1741008967.89,86.5389997959137,1741009054.429,120.827999830246,1741009088.718,119.25,1741009207.968,,,,,1741009772.572,1741009772.572,,,1741010019.289,1741010019.289,,,1741010075.238,1741010075.238,,,,,,,,2,,1,1,,,1,,,
2025-03-03 15:01:02,2025-03-03 15:15:33,IP Address,100,870,TRUE,2025-03-03 15:15:33,,,,,52.4056,16.9302,anonymous,PL,Chrome,133.0.0.0,Android 10,432x960,Man,PL,65 to 69,No, I was born in this country and my parents too,Yes,2,0,,,,,,,,,between $101 and $200,2 Medium school,Retired,32-661,Tenant,,,,Very unlikely,No,,,,,The Left,,,,,Candidate B,20,15,20,25,20,2,1,4,3,5,,,,,,,,,,,,,,,,,,,,,,,,,,,,,,No,,No,Unlikely,Strongly support,Strongly support,Strongly support,Strongly support,Strongly support,Strongly support,Strongly support,Somewhat support,Somewhat support,Somewhat support,,,,,,Yes,,,,,,,,,,Maintain current contributions ($26 billion per year in grants, that is 0.04% of developed countries' GDP, and $80 billion in loans, or 0.1% of GDP).,1,2,3,4,5,6,7,,,Scenario B,Strongly support,,,,A little,,,,,,,,,,,,,,,,I could sign a petition and spread ideas.,,,,Yes, I would be more likely to vote for my party if it joined that coalition (or to vote for another party if only that other party joined the coalition).,3,2,1,,In the long run, it is in the interest of high-income countries to help low-income countries.,,,2,1,3,4,,,,,,,,,,,6,,decrease,1,2,3,,Sentient beings (humans and animals),,,,10.778,11.95,13.696,2,No, I do not feel it was biased,,,,,,141672_800d28b2,141672_a2c0152d,141672_aef1c3da,141672,870,,1,PL,,2,1,0.934629231908971,1,0,1,1,0,low,0,1,0,1,0,Kwestie społeczne,Kwestie ekonomiczne,Polityka klimatyczna,Polityka zagraniczna,System podatkowy,,-,-,Rezygnacja z węgla do 2035 r.,Międzynarodowy podatek od milionerów, z 30% finansowaniem opieki zdrowotnej i edukacji w krajach o niskich dochodach,-,,-,Rozwój produkcji kolejowej i inwestycje w infrastrukturę,Rezygnacja z węgla do 2035 r.,-,Zwolnienie z podatku dochodowego dla seniorów opóźniających przejście na emeryturę,,PL,1741010464.267,6.17400002479553,1741010470.441,,,1741010674.57,1741010674.57,110.944000005722,1741010785.514,,,1741010841.867,1741010841.867,11.3099999427795,1741010853.177,27.2549998760223,1741010869.122,158.970999956131,1741011028.093,1741011015.245,1741011015.245,,,1741011101.092,1741011101.092,,,1741011246.712,1741011246.712,22.1980001926422,1741011268.91,50.4319999217987,1741011319.342,,,,,,,,2,1,,,1,,,,1,
2025-03-03 15:39:39,2025-03-03 15:47:56,IP Address,100,496,TRUE,2025-03-03 15:47:57,,,,,53.4288,14.5481,anonymous,PL,Chrome,133.0.6943.122,Android 12,393x851,Woman,PL,25 to 29,No, I was born in this country and my parents too,No,4,0,,,,,,,,,between $751 and $800,6 Bachelor's,Full-time employed,71-042,,Owner,,,Unlikely,Yes,,,,,Civic Coalition,,,,,Candidate A,20,25,10,15,30,4,1,3,2,5,,,,,,,,,,,,,,,,,,,,,,,,,,,,,,Yes,39,Yes,Very likely,,,,,,,,,,,Somewhat support,Somewhat support,Strongly support,Somewhat support,Somewhat support,,Yes,,,,,,,,$100 billion,,,,,,,,,,Scenario B,,,,,Somewhat support,A little,An acceptable way,A right way,An acceptable way,An acceptable way,An acceptable way,A right way,An acceptable way,7,6,5,4,3,2,1,,,,,,,,,,,,,,,,,,,,,,,,,,,,9,,,,,,Disagree,,,,,7.902,9.148,11.002,2,No, I do not feel it was biased,,,,,,141672_800d28b2,141672_a2c0152d,141672_aef1c3da,141672,496,,1,PL,,1,1,0.363330392018736,1,0,0,2,1,mid,1,0,1,0,1,Polityka zagraniczna,Polityka klimatyczna,Kwestie ekonomiczne,Kwestie społeczne,System podatkowy,,Międzynarodowy podatek od milionerów, z 30% finansowaniem opieki zdrowotnej i edukacji w krajach o niskich dochodach,Zakaz sprzedaży nowych samochodów z silnikiem spalinowym do 2035 r.,Rozwój produkcji kolejowej i inwestycje w infrastrukturę,-,Obniżenie podatków dla gospodarstw domowych o niskich dochodach poprzez zwiększenie kwoty wolnej od podatku,,-,Rezygnacja z węgla do 2035 r.,-,Przywrócenie praw reprodukcyjnych, w tym prawa do aborcji,Zwolnienie z podatku dochodowego dla seniorów opóźniających przejście na emeryturę,,PL,1741012780.947,4.72099995613098,1741012785.668,,,1741012869.653,1741012869.653,23.3249998092651,1741012892.978,,,1741012932.944,1741012932.944,91.1529998779297,1741013024.097,104.220999956131,1741013037.165,74.1740000247955,1741013111.339,,,87.7479999065399,1741013199.087,1741013146.307,1741013146.307,,,1741013240.039,1741013240.039,,,1741013265.164,1741013265.164,,,,,,1,,2,,,1,,,,,1,
2025-03-03 15:52:07,2025-03-03 16:08:00,IP Address,100,952,TRUE,2025-03-03 16:08:00,,,,,54.3502,18.6579,anonymous,PL,Edge,133.0.0.0,Windows NT 10.0,1920x1080,Man,PL,65 to 69,No, I was born in this country and my parents too,No,1,0,,,,,,,,,between $501 and $600,3 High school diploma,Retired,86-100,,Owner,,,Unlikely,Yes,,,,,Civic Coalition,,,,,Candidate A,10,10,75,0,5,4,2,1,3,5,,,,,,,,,,,,,,,,,,,,,,,,,,,,No,,No,24,Yes,Likely,Somewhat support,Indifferent,Somewhat support,Somewhat support,Indifferent,Somewhat support,Somewhat support,Somewhat support,Indifferent,Somewhat oppose,,,,,,,,Yes,,,,,,,$300 billion,,,,,,,,,,,Scenario B,Somewhat support,,,,A little,An acceptable way,An acceptable way,A wrong way,A wrong way,An acceptable way,A wrong way,A wrong way,1,2,3,4,5,6,7,,,,,,,,,,,,,,,,,,,,,,,,,,,,,7,increase,3,2,1,,Humans,,,,5.575,10.583,119.583,2,No, I do not feel it was biased,motywacje mogą być różne, wzrost cen mięsa, w tym wołowiny ograniczy jego spożycie, co jest działaniem prozdrowotnym. Wypłata dotacji też wymaga dokładnego uregulowania aby dotacje docierały we właściwe miejsce.,,,,,141672_800d28b2,141672_a2c0152d,141672_aef1c3da,141672,952,,1,PL,,2,1,0.869110248021109,1,1,1,2,0,high,0,0,0,1,1,Polityka klimatyczna,Kwestie ekonomiczne,System podatkowy,Polityka zagraniczna,Kwestie społeczne,,Rezygnacja z węgla do 2035 r.,Rozwój produkcji kolejowej i inwestycje w infrastrukturę,Zwolnienie z podatku dochodowego dla seniorów opóźniających przejście na emeryturę,Zatrzymanie osób, którym odmówiono azylu, do czasu ich deportacji,Przywrócenie praw reprodukcyjnych, w tym prawa do aborcji,,-,-,Zwolnienie z podatku dochodowego dla seniorów opóźniających przejście na emeryturę,Międzynarodowy podatek od milionerów, z 30% finansowaniem opieki zdrowotnej i edukacji w krajach o niskich dochodach,Wydłużony urlop rodzicielski, ulgi podatkowe na dzieci i możliwość pracy zdalnej,,PL,1741013531.159,12.3280000686646,1741013543.487,,,1741013632.226,1741013632.226,26.6749999523163,1741013658.901,60.2249999046326,1741013719.126,29.393000125885,1741013748.519,70.5659999847412,1741013819.085,97.135999917984,1741013845.655,225.05999994278,1741014070.715,,,215.231000185013,1741014285.946,1741014178.018,1741014178.018,,,1741014327.205,1741014327.205,8.87100005149841,1741014336.076,26.5629999637604,1741014362.639,,,,,,,1,2,,,,,1,,1,,
2025-03-03 17:00:03,2025-03-03 17:06:13,IP Address,100,370,TRUE,2025-03-03 17:06:14,,,,,54.4662,17.0342,anonymous,PL,Chrome,133.0.6943.121,Android 14,393x873,Woman,PL,35 to 39,No, I was born in this country and my parents too,No,1,0,,,,,,,,,between $401 and $500,2 Some high school,Full-time employed,76-200,Tenant,,,,Unlikely,Yes,,,,,Poland 2050,,,,,Candidate B,,,,,,,,,,,30,,20,,15,,,,20,,15,,,1,,5,,2,,,,4,,3,,,100,,,Yes,45,Yes,Likely,Indifferent,Indifferent,Somewhat support,Somewhat support,Somewhat support,Strongly support,Somewhat support,Somewhat support,Somewhat support,Somewhat support,,,,,,,,Yes,,,,,,,$100 billion,,,,,,,,,,,Scenario A,Somewhat support,,,,A lot,,,,,,,,,,,,,,,,,,,,,,,,,,,,,,,,,,,,,,,,,,,,,,,,,,,,,,,,,,,,,,,141672_800d28b2,141672_a2c0152d,141672_aef1c3da,141672,370,Screened,1,PL,,3,1,0.767176202909829,2,0,0,2,0,mid,1,0,1,1,1,System podatkowy,Polityka klimatyczna,Kwestie ekonomiczne,Polityka zagraniczna,Kwestie społeczne,,Zwiększenie podatków od zysków dużych korporacji cyfrowych oraz firm zajmujących się paliwami kopalnymi,Zakaz sprzedaży nowych samochodów z silnikiem spalinowym do 2035 r.,Przeznaczenie 5% PKB na wydatki wojskowe do 2030 r,Międzynarodowy podatek od milionerów, z 30% finansowaniem opieki zdrowotnej i edukacji w krajach o niskich dochodach,Przywrócenie praw reprodukcyjnych, w tym prawa do aborcji,,Zwiększenie podatków od zysków dużych korporacji cyfrowych oraz firm zajmujących się paliwami kopalnymi,-,-,Międzynarodowy podatek od milionerów, z 30% finansowaniem opieki zdrowotnej i edukacji w krajach o niskich dochodach,Złagodzenie restrykcji w zakresie zgromadzeń publicznych i protestów,,PL,1741017604.511,4.20600008964539,1741017608.717,,,1741017771.479,1741017771.479,68.0379998683929,1741017839.516,,,1741017847.828,1741017847.828,38.3619999885559,1741017886.19,44.4370000362396,1741017892.265,61.7839999198914,1741017954.049,,,,,1741017960.189,1741017960.189,,,,,,,,,,,,,,1,,2,,,,,1,,,,
2025-03-03 17:01:41,2025-03-03 17:08:14,IP Address,100,392,TRUE,2025-03-03 17:08:15,,,,,50.3243,18.2394,anonymous,PL,Chrome,133.0.0.0,Windows NT 10.0,1366x768,Woman,PL,45 to 49,No, I was born in this country and my parents too,No,3,0,,,,,,,,,between $601 and $700,2 Medium school,Unemployed (searching for a job),47-200,,Owner,,,Very unlikely,No,,,,,Prefer not to say,,,,,Neither of them,,,,,,,,,,,,,10,,,15,35,,10,,,30,,,,5,,,4,1,,3,,,2,,100,,,No,,Yes,Likely,Strongly support,Indifferent,Indifferent,Indifferent,Indifferent,Indifferent,Indifferent,Indifferent,Indifferent,Indifferent,,,,,,,,Yes,,,,,,,,Stop all provision of climate finance.,7,6,5,4,3,2,1,,,Scenario A,Indifferent,,,,A little,An acceptable way,An acceptable way,An acceptable way,An acceptable way,An acceptable way,An acceptable way,An acceptable way,1,2,3,4,5,6,7,,,,,,,,,,,,,,,,,,,,,,,,,,,,,6,,,,,Neither agree nor disagree,,,,,9.122,33.286,36.471,4,No, I do not feel it was biased,NIE MAM RZADNYCH UWAG,,,,,141672_800d28b2,141672_a2c0152d,141672_aef1c3da,141672,392,Screened,1,PL,,3,1,0.472870686434412,2,0,1,1,0,high_color,1,0,1,0,0,Polityka zagraniczna,Kwestie ekonomiczne,Kwestie społeczne,System podatkowy,Polityka klimatyczna,,Międzynarodowy podatek od milionerów, z 30% finansowaniem opieki zdrowotnej i edukacji w krajach o niskich dochodach,Przeznaczenie 5% PKB na wydatki wojskowe do 2030 r,Wydłużony urlop rodzicielski, ulgi podatkowe na dzieci i możliwość pracy zdalnej,Zwiększenie podatków od zysków dużych korporacji cyfrowych oraz firm zajmujących się paliwami kopalnymi,Rezygnacja z węgla do 2035 r.,,Ograniczenie pomocy rozwojowej,Przeznaczenie 5% PKB na wydatki wojskowe do 2030 r,Złagodzenie restrykcji w zakresie zgromadzeń publicznych i protestów,Obniżenie podatków dla gospodarstw domowych o niskich dochodach poprzez zwiększenie kwoty wolnej od podatku,Zakaz sprzedaży nowych samochodów z silnikiem spalinowym do 2035 r.,,PL,1741017701.655,9.8730001449585,1741017711.528,,,1741017807.31,1741017807.31,24.5190000534058,1741017831.829,,,1741017863.525,1741017863.525,40.2329998016357,1741017903.758,58.8669998645782,1741017922.392,59.2539999485016,1741017981.646,,,50.3610000610351,1741018032.007,1741017997.077,1741017997.077,,,1741018046.573,1741018046.573,,,1741018055.192,1741018055.192,,,,,,,,2,,1,,,1,,1,,
2025-03-03 17:05:44,2025-03-03 17:11:24,IP Address,100,340,TRUE,2025-03-03 17:11:25,,,,,52.2398,21.0022,anonymous,PL,Chrome,133.0.0.0,Android 10,432x960,Woman,PL,35 to 39,No, I was born in this country and my parents too,Yes,5 or more,2,,,,,,,,,between $301 and $400,3 High school diploma,Unemployed (searching for a job),26-434,,Owner,,,Very unlikely,Yes,,,,,United Right,,,,,Neither of them,15,20,50,5,10,4,3,2,1,5,,,,,,,,,,,,,,,,,,,,,,,,,,,,,,Yes,,Yes,Unlikely,Indifferent,Indifferent,Indifferent,Indifferent,Indifferent,Indifferent,Indifferent,Indifferent,Indifferent,Indifferent,,,,,,,,Yes,,,,,,,$26 billion,,,,,,,,,,Scenario A,,,,Indifferent,,A little,An acceptable way,A wrong way,A wrong way,An acceptable way,A wrong way,A right way,An acceptable way,7,6,5,4,3,2,1,,,,,,,,,,,,,,,,,,,,,,,,,,2,,,,,,,,Neither agree nor disagree,,,,,10.201,11.193,13.446,2,Yes, right-wing biased,,,,,,141672_800d28b2,141672_a2c0152d,141672_aef1c3da,141672,340,Screened,1,PL,,3,1,0.651759684470426,1,0,1,2,1,high_color,0,0,1,0,0,Kwestie ekonomiczne,System podatkowy,Polityka klimatyczna,Polityka zagraniczna,Kwestie społeczne,,-,Zwolnienie z podatku dochodowego dla seniorów opóźniających przejście na emeryturę,-,Zatrzymanie osób, którym odmówiono azylu, do czasu ich deportacji,-,,-,Obniżenie podatków dla gospodarstw domowych o niskich dochodach poprzez zwiększenie kwoty wolnej od podatku,Zakaz sprzedaży nowych samochodów z silnikiem spalinowym do 2035 r.,Międzynarodowy podatek od milionerów, z 30% finansowaniem opieki zdrowotnej i edukacji w krajach o niskich dochodach,-,,PL,1741017944.798,7.67999982833862,1741017952.478,,,1741018028.78,1741018028.78,26.941999912262,1741018055.722,,,1741018104.086,1741018104.086,9.4520001411438,1741018113.538,17.7090001106262,1741018121.795,40.4629998207092,1741018162.258,,,59.6800000667572,1741018221.938,1741018176.552,1741018176.552,,,1741018250.26,1741018250.26,,,1741018270.051,1741018270.051,,,,,,,,2,,1,,,1,,,,1
2025-03-03 17:10:04,2025-03-03 17:20:06,IP Address,100,602,TRUE,2025-03-03 17:20:07,,,,,52.233,20.9031,anonymous,PL,Chrome,133.0.0.0,Android 10,360x800,Man,PL,60 to 64,No, I was born in this country and my parents too,No,2,0,,,,,,,,,between $101 and $200,3-4 Vocational training,Part-time employed,01-493,,Owner,,,Likely,No,,,,,United Right,,,,,Candidate A,,,,,,,,,,,30,,,10,,,45,,,,5,10,,2,,,4,,,1,,,,3,5,,100,,8,No,30,No,Likely,,,,,,,,,,,Indifferent,Indifferent,Indifferent,Somewhat support,Somewhat support,No,,,,,,,,,,Reduce the provision of climate finance.,1,2,3,4,5,6,7,,Scenario A,,,,,Strongly oppose,A little,,,,,,,,,,,,,,,,I could sign a petition and spread ideas.,I could attend a demonstration.,I could go on strike.,,My choice would not depend on which parties are part of that coalition.,1,2,3,,In the long run, it is in the interest of high-income countries to help low-income countries.,Helping those in need is the right thing to do. This is also true at the international level.,,1,2,3,4,,,,,,,,,,7,,,,,,,,Americans,,,,4.201,7.467,12.201,3,No, I do not feel it was biased,Nie dziękuję,,,,,141672_800d28b2,141672_a2c0152d,141672_aef1c3da,141672,602,,1,PL,,1,1,0.236002891379409,2,2,0,1,1,high,1,1,0,0,1,System podatkowy,Kwestie społeczne,Kwestie ekonomiczne,Polityka zagraniczna,Polityka klimatyczna,,Zwolnienie z podatku dochodowego dla seniorów opóźniających przejście na emeryturę,-,Przeznaczenie 5% PKB na wydatki wojskowe do 2030 r,Międzynarodowy podatek od milionerów, z 30% finansowaniem opieki zdrowotnej i edukacji w krajach o niskich dochodach,Zakaz sprzedaży nowych samochodów z silnikiem spalinowym do 2035 r.,,Obniżenie podatków dla gospodarstw domowych o niskich dochodach poprzez zwiększenie kwoty wolnej od podatku,Złagodzenie restrykcji w zakresie zgromadzeń publicznych i protestów,-,Ograniczenie pomocy rozwojowej,Rezygnacja z węgla do 2035 r.,,PL,1741018205.445,11.0429999828339,1741018216.488,,,1741018306.879,1741018306.879,78.489000082016,1741018385.368,28.4349999427795,1741018413.803,28.2620000839233,1741018442.065,55.2630000114441,1741018497.328,76.7309999465942,1741018518.796,102.292000055313,1741018621.088,1741018588.564,1741018588.564,,,1741018640.866,1741018640.866,,,1741018755.525,1741018755.525,,,1741018794.108,1741018794.108,,,,,,,1,2,,,,1,,1,,,
2025-03-03 16:57:54,2025-03-03 17:21:01,IP Address,100,1386,TRUE,2025-03-03 17:21:01,,,,,50.0658,19.9376,anonymous,PL,Chrome,133.0.6943.121,Android 15,360x804,Man,PL,25 to 29,No, I was born in this country and my parents too,No,5 or more,4 or more,,,,,,,,,between $401 and $500,3 High school diploma,Unemployed (searching for a job),39-100,Tenant,,,,Unlikely,No,,,,,Other,,,,,Candidate A,,,,,,,,,,,,30,30,,,,,,10,,10,,20,,2,3,,,,,,4,,1,,5,100,,5,Yes,,Yes,Unlikely,Somewhat support,Somewhat support,Somewhat support,Somewhat support,Somewhat support,Indifferent,Strongly support,Somewhat support,Strongly support,Strongly support,,,,,,Yes,,,,,,,,,,Reduce the provision of climate finance.,7,6,5,4,3,2,1,,Scenario B,,,,Somewhat support,,A little,A right way,A right way,An acceptable way,A right way,A right way,A right way,A right way,1,2,3,4,5,6,7,,,,,,,,,,,,,,,,,,,,,,,,,,,,,3,decrease,1,2,3,Agree,,,,,10.207,22.894,23.842,4,Yes, right-wing biased,,,,,,141672_800d28b2,141672_a2c0152d,141672_aef1c3da,141672,1386,,1,PL,,2,1,0.577989770699756,2,2,1,1,1,low,1,0,1,1,0,Polityka zagraniczna,System podatkowy,Kwestie społeczne,Kwestie ekonomiczne,Polityka klimatyczna,,Międzynarodowy podatek od milionerów, z 30% finansowaniem opieki zdrowotnej i edukacji w krajach o niskich dochodach,Zwiększenie podatków od zysków dużych korporacji cyfrowych oraz firm zajmujących się paliwami kopalnymi,-,Przeznaczenie 5% PKB na wydatki wojskowe do 2030 r,Zakaz sprzedaży nowych samochodów z silnikiem spalinowym do 2035 r.,,Międzynarodowy podatek od milionerów, z 30% finansowaniem opieki zdrowotnej i edukacji w krajach o niskich dochodach,Obniżenie podatków dla gospodarstw domowych o niskich dochodach poprzez zwiększenie kwoty wolnej od podatku,-,Rozwój produkcji kolejowej i inwestycje w infrastrukturę,-,,PL,1741017477.932,24.1879999637604,1741017502.119,,,1741017638.399,1741017638.399,48.6189999580383,1741017687.018,120.892000198364,1741017807.91,44.6119999885559,1741017852.522,140.642999887466,1741017993.165,193.407999992371,1741018045.93,378.317999839783,1741018424.248,1741018380.545,1741018380.545,310.121999979019,1741018734.37,1741018550.488,1741018550.488,,,1741018787.596,1741018787.596,9.68300008773804,1741018797.279,39.7269999980927,1741018837.006,,,,,,,,2,1,,,1,,,1,,
2025-03-03 17:03:21,2025-03-03 17:21:42,IP Address,100,1100,TRUE,2025-03-03 17:21:43,,,,,51.7684,19.4678,anonymous,PL,Chrome,133.0.0.0,Android 10,367x814,Man,PL,60 to 64,No, I was born in this country and my parents too,Yes,2,0,,,,,,,,,between $601 and $700,2 Some high school,Retired,41-902,,Owner,,,Unlikely,Yes,,,,,Civic Coalition,,,,,Candidate B,,,,,,,,,,,,,,,30,,20,,,10,30,,10,,,,,1,,4,,,5,3,,2,100,,30,Yes,30,Yes,Unlikely,Indifferent,Somewhat oppose,Somewhat support,Somewhat oppose,Indifferent,Indifferent,Somewhat support,Strongly support,Indifferent,Strongly oppose,,,,,,,Yes,,,,,,,,,Increase loans (to meet the new goal of $300 billion, or 0.4% of GDP) while maintaining grants at their current level.,7,6,5,4,3,2,1,,,Scenario B,Somewhat support,,,,A little,A right way,A wrong way,A wrong way,A wrong way,An acceptable way,An acceptable way,A wrong way,1,2,3,4,5,6,7,,,,,,,,,,,,,,,,,,,,,,,,,,8,,,,,,,,Disagree,,,,,6.44,28.908,29.8,5,No, I do not feel it was biased,Bardzo ciekawa ankieta,,,,,141672_800d28b2,141672_a2c0152d,141672_aef1c3da,141672,1100,,1,PL,,1,1,0.893377708944813,2,2,1,1,0,high_color,1,0,1,0,1,Kwestie społeczne,Kwestie ekonomiczne,Polityka zagraniczna,Polityka klimatyczna,System podatkowy,,Złagodzenie restrykcji w zakresie zgromadzeń publicznych i protestów,-,Ograniczenie pomocy rozwojowej,-,-,,-,Przeznaczenie 5% PKB na wydatki wojskowe do 2030 r,Zatrzymanie osób, którym odmówiono azylu, do czasu ich deportacji,-,Obniżenie podatków dla gospodarstw domowych o niskich dochodach poprzez zwiększenie kwoty wolnej od podatku,,PL,1741017803.631,14.2709999084473,1741017817.902,,,1741017948.025,1741017948.025,44.5189998149872,1741017992.544,76.9639999866486,1741018069.508,80.507000207901,1741018150.015,150.018999814987,1741018300.034,176.3109998703,1741018326.326,221.243000030518,1741018547.569,,,247.188999891281,1741018794.758,1741018684.533,1741018684.533,,,1741018833.788,1741018833.788,,,1741018873.147,1741018873.147,,,,,,,,2,,1,1,,,,,,1
2025-03-03 17:12:49,2025-03-03 17:34:02,IP Address,100,1272,TRUE,2025-03-03 17:34:04,,,,,50.0426,18.3892,anonymous,PL,Chrome,133.0.6943.137,Android 13,393x895,Woman,PL,25 to 29,No, I was born in this country and my parents too,Yes,5 or more,1,,,,,,,,,between $801 and $900,6 Bachelor's,Full-time employed,44-285,,Owner,,,Unlikely,Yes,,,,,Prefer not to say,,,,,Neither of them,,,,,,,,,,,30,45,,10,10,,,,,,5,,,2,5,,3,1,,,,,,4,,,100,No,,Yes,43,Yes,Unlikely,Somewhat support,Somewhat support,Indifferent,Somewhat oppose,Indifferent,Somewhat support,Somewhat oppose,Strongly oppose,Somewhat oppose,Somewhat oppose,,,,,,Yes,,,,,,,,,$100 billion,,,,,,,,,,,Scenario A,Indifferent,,,,A little,An acceptable way,An acceptable way,A wrong way,An acceptable way,An acceptable way,A wrong way,An acceptable way,7,6,5,4,3,2,1,,,,,,,,,,,,,,,,,,,,,,,,,,,,7,,,,,,,My family and myself,,,,6.894,7.516,14.098,2,No, I do not feel it was biased,,,,,,141672_800d28b2,141672_a2c0152d,141672_aef1c3da,141672,1272,,1,PL,,3,1,0.948056614945656,2,1,0,2,0,low,1,0,0,0,1,System podatkowy,Polityka zagraniczna,Kwestie ekonomiczne,Polityka klimatyczna,Kwestie społeczne,,Zwolnienie z podatku dochodowego dla seniorów opóźniających przejście na emeryturę,Zatrzymanie osób, którym odmówiono azylu, do czasu ich deportacji,-,Rezygnacja z węgla do 2035 r.,Wydłużony urlop rodzicielski, ulgi podatkowe na dzieci i możliwość pracy zdalnej,,-,Zatrzymanie osób, którym odmówiono azylu, do czasu ich deportacji,-,Rezygnacja z węgla do 2035 r.,-,,PL,1741018370.586,20.2369999885559,1741018390.823,,,1741018568.224,1741018568.224,53.3220000267029,1741018621.546,109.408999919891,1741018730.955,47.2200000286102,1741018778.175,171.012000083923,1741018949.187,205.870000123978,1741018984.045,270.014999866486,1741019254.06,1741019210.548,1741019210.548,246.863000154495,1741019500.923,1741019386.089,1741019386.089,,,1741019589.484,1741019589.484,,,1741019627.177,1741019627.177,,,,,,,,2,1,,,1,,,,1,
2025-03-03 17:30:06,2025-03-03 17:39:44,IP Address,100,578,TRUE,2025-03-03 17:39:45,,,,,52.2398,21.0022,anonymous,PL,Safari iPhone,18.3,iPhone,414x896,Man,PL,55 to 59,No, I was born in this country and my parents too,Yes,3,0,,,,,,,,,between $701 and $750,2 Medium school,Part-time employed,02-747,Tenant,,,,Unlikely,Yes,,,,,United Right,,,,,Neither of them,20,20,20,20,20,2,1,4,3,5,,,,,,,,,,,,,,,,,,,,,,,,,,,,,,No,,No,Likely,,,,,,,,,,,Somewhat support,Somewhat support,Indifferent,Indifferent,Indifferent,,,Yes,,,,,,,,Increase climate finance to match what NGOs are asking for (at least $1,000 billion per year in grants, that is 1.4% of GDP, is what Greenpeace, Oxfam, WWF, and the World Council of Churches ask for).,7,6,5,4,3,2,1,,Scenario B,,,,,Indifferent,A little,,,,,,,,,,,,,,,,I could sign a petition and spread ideas.,,,,My choice would not depend on which parties are part of that coalition.,1,2,3,,,,None of the above.,3,2,1,4,,,,,,,,,,3,,,,,,,Neither agree nor disagree,,,,,5.137,5.82,8.491,2,No, I do not feel it was biased,,,,,,141672_800d28b2,141672_a2c0152d,141672_aef1c3da,141672,578,,1,PL,,1,1,0.242433282370314,1,0,1,1,1,low,1,1,1,0,0,Kwestie społeczne,Kwestie ekonomiczne,System podatkowy,Polityka zagraniczna,Polityka klimatyczna,,Przywrócenie praw reprodukcyjnych, w tym prawa do aborcji,-,-,Ograniczenie pomocy rozwojowej,Rezygnacja z węgla do 2035 r.,,Przywrócenie praw reprodukcyjnych, w tym prawa do aborcji,-,-,Międzynarodowy podatek od milionerów, z 30% finansowaniem opieki zdrowotnej i edukacji w krajach o niskich dochodach,Rezygnacja z węgla do 2035 r.,,PL,1741019406.918,10.2560000419617,1741019417.174,,,1741019542.527,1741019542.527,44.9030001163483,1741019587.43,,,1741019654.593,1741019654.593,12.7510001659393,1741019667.344,24.6660001277924,1741019679.259,85.8899998664856,1741019765.149,,,,,1741019794.027,1741019794.027,,,1741019880.865,1741019880.865,,,1741019975.825,1741019975.825,,,,,,,,2,1,,,,1,1,,,
2025-03-03 17:44:30,2025-03-03 17:55:14,IP Address,100,643,TRUE,2025-03-03 17:55:14,,,,,53.4006,23.4997,anonymous,PL,Firefox,135.0,Windows NT 10.0,1920x1080,Man,PL,60 to 64,No, I was born in this country and my parents too,No,4,0,,,,,,,,,between $801 and $900,7-8 Master's or higher,Full-time employed,16-300,,Owner,,,Very unlikely,Yes,,,,,Confederation,,,,,Candidate A,,,,,,,,,,,,,50,,,,,,45,5,0,0,,,,1,,,,,,5,4,3,2,,100,,,No,,No,Unlikely,Somewhat support,Strongly oppose,Indifferent,Strongly oppose,Indifferent,Indifferent,Strongly oppose,Strongly oppose,Strongly oppose,Strongly oppose,,,,,,,No,,,,,,,,,Stop all provision of climate finance.,1,2,3,4,5,6,7,,,Scenario A,Strongly oppose,,,,A little,,,,,,,,,,,,,,,I would not support such a movement.,,,,,No, I would be less likely to vote for my party if it joined that coalition.,3,2,1,,,,None of the above.,1,3,2,4,,,,,,,,,,,,5,,,,,,Sentient beings (humans and animals),,,,4.896,4.896,7.78,1,Yes, left-wing biased,,,,,,141672_800d28b2,141672_a2c0152d,141672_aef1c3da,141672,643,,1,PL,,3,1,0.964449525802501,2,0,1,1,0,low,1,1,0,0,0,System podatkowy,Kwestie ekonomiczne,Kwestie społeczne,Polityka klimatyczna,Polityka zagraniczna,,Zwiększenie podatków od zysków dużych korporacji cyfrowych oraz firm zajmujących się paliwami kopalnymi,Przeznaczenie 5% PKB na wydatki wojskowe do 2030 r,Wydłużony urlop rodzicielski, ulgi podatkowe na dzieci i możliwość pracy zdalnej,-,-,,Obniżenie podatków dla gospodarstw domowych o niskich dochodach poprzez zwiększenie kwoty wolnej od podatku,-,Przywrócenie praw reprodukcyjnych, w tym prawa do aborcji,Zakaz sprzedaży nowych samochodów z silnikiem spalinowym do 2035 r.,Zatrzymanie osób, którym odmówiono azylu, do czasu ich deportacji,,PL,1741020269.836,9.59400010108948,1741020279.43,,,1741020407.465,1741020407.465,24.6040000915527,1741020432.069,,,1741020509.301,1741020509.301,44.9959998130798,1741020554.297,63.8709998130798,1741020573.172,155.246999979019,1741020728.419,,,,,1741020756.119,1741020756.119,,,1741020865.697,1741020865.697,,,1741020904.495,1741020904.495,,,,,,,,2,1,,1,,,,1,,
2025-03-03 18:03:05,2025-03-03 18:04:57,IP Address,100,111,TRUE,2025-03-03 18:04:57,,,,,51.2525,22.5622,anonymous,PL,Chrome,133.0.0.0,Android 10,393x873,Man,PL,35 to 39,No, I was born in this country and my parents too,Yes,2,0,,,,,,,,,Prefer not to say,2 Some high school,Self-employed,37-300,,Owner,,,,,,,,,,,,,,,,,,,,,,,,,,,,,,,,,,,,,,,,,,,,,,,,,,,,,,,,,,,,,,,,,,,,,,,,,,,,,,,,,,,,,,,,,,,,,,,,,,,,,,,,,,,,,,,,,,,,,,,,,,,,,,,,,,,,,,,,,,,,,,,,,,,,,,,,,,,,,,,,,141672_800d28b2,141672_a2c0152d,141672_aef1c3da,141672,111,QuotaMet,1,PL,,,1,0.90585862656726,1,0,0,2,1,,1,0,1,1,1,,,,,,,,,,,,,,,,,,,PL,1741021387.191,17.9390001296997,1741021405.13,,,,,,,,,,,,,,,,,,,,,,,,,,,,,,,,,,,,,,,,,,,,,,,
2025-03-03 17:44:22,2025-03-03 18:06:57,IP Address,100,1355,TRUE,2025-03-03 18:06:57,,,,,51.8014,19.4586,anonymous,PL,Chrome,133.0.0.0,Android 10,360x780,Man,PL,50 to 54,No, I was born in this country and my parents too,Yes,2,0,,,,,,,,,between $601 and $700,3-4 Vocational training,Full-time employed,90-612,Tenant,,,,Very unlikely,No,,,,,United Right,,,,,Candidate A,15,5,50,25,5,1,4,2,3,5,,,,,,,,,,,,,,,,,,,,,,,,,,,,,,Yes,61,Yes,Likely,Strongly support,Somewhat oppose,Indifferent,Indifferent,Somewhat support,Somewhat support,Somewhat support,Indifferent,Somewhat support,Somewhat support,,,,,,,Yes,,,,,,,,,Maintain current contributions ($26 billion per year in grants, that is 0.04% of developed countries' GDP, and $80 billion in loans, or 0.1% of GDP).,7,6,5,4,3,2,1,,Scenario A,,,,Strongly support,,A little,,,,,,,,,,,,,,,,I could sign a petition and spread ideas.,,,,Yes, I would be more likely to vote for my party if it joined that coalition (or to vote for another party if only that other party joined the coalition).,3,2,1,,,Helping those in need is the right thing to do. This is also true at the international level.,,1,2,3,4,,,,,,,,,,,8,,,,,,Agree,,,,,1.718,9.056,11.762,5,No, I do not feel it was biased,,,,,,141672_800d28b2,141672_a2c0152d,141672_aef1c3da,141672,1355,,1,PL,,1,1,0.886364723063625,1,0,0,1,1,high,0,1,1,0,1,Kwestie społeczne,Polityka zagraniczna,System podatkowy,Kwestie ekonomiczne,Polityka klimatyczna,,Złagodzenie restrykcji w zakresie zgromadzeń publicznych i protestów,Zatrzymanie osób, którym odmówiono azylu, do czasu ich deportacji,Zwiększenie podatków od zysków dużych korporacji cyfrowych oraz firm zajmujących się paliwami kopalnymi,Rozwój produkcji kolejowej i inwestycje w infrastrukturę,-,,Przywrócenie praw reprodukcyjnych, w tym prawa do aborcji,Międzynarodowy podatek od milionerów, z 30% finansowaniem opieki zdrowotnej i edukacji w krajach o niskich dochodach,Zwolnienie z podatku dochodowego dla seniorów opóźniających przejście na emeryturę,-,Zakaz sprzedaży nowych samochodów z silnikiem spalinowym do 2035 r.,,PL,1741020263.813,16.3370001316071,1741020280.15,,,1741020400.703,1741020400.703,79.6699998378754,1741020480.373,,,1741020607.357,1741020607.357,395.101999998093,1741021002.459,431.598999977112,1741021038.956,204.90299987793,1741021243.859,,,,,1741021317.525,1741021317.525,,,1741021573.789,1741021573.789,,,1741021605.11,1741021605.11,,,,,,,1,2,,,1,,,,,1,
2025-03-03 18:04:15,2025-03-03 18:13:47,IP Address,100,572,TRUE,2025-03-03 18:13:48,,,,,50.2576,19.0307,anonymous,PL,Safari,537.36,Android 10,384x854,Woman,PL,45 to 49,No, I was born in this country and my parents too,Yes,3,1,,,,,,,,,between $701 and $750,3-4 Vocational training,Part-time employed,44-300,Tenant,,,,Likely,No,,,,,Confederation,,,,,Candidate B,,,,,,,,,,,,45,20,0,,0,,,,35,,,,,3,5,2,,1,,,,4,,,,100,,100,Yes,,Yes,Very likely,,,,,,,,,,,Somewhat support,Somewhat support,Somewhat support,Somewhat support,Somewhat support,Yes,,,,,,,,,,Increase climate finance to match what NGOs are asking for (at least $1,000 billion per year in grants, that is 1.4% of GDP, is what Greenpeace, Oxfam, WWF, and the World Council of Churches ask for).,7,6,5,4,3,2,1,,,Scenario B,,Somewhat support,,,A little,An acceptable way,An acceptable way,An acceptable way,An acceptable way,An acceptable way,A right way,An acceptable way,7,6,5,4,3,2,1,,,,,,,,,,,,,,,,,,,,,,,,,,6,,,,increase,1,2,3,Agree,,,,,6.658,9.842,10.639,4,No, I do not feel it was biased,,,,,,141672_800d28b2,141672_a2c0152d,141672_aef1c3da,141672,572,,1,PL,,2,1,0.165131141702908,2,2,1,1,0,high,1,0,1,1,0,Polityka zagraniczna,System podatkowy,Polityka klimatyczna,Kwestie społeczne,Kwestie ekonomiczne,,Zatrzymanie osób, którym odmówiono azylu, do czasu ich deportacji,Zwolnienie z podatku dochodowego dla seniorów opóźniających przejście na emeryturę,Zakaz sprzedaży nowych samochodów z silnikiem spalinowym do 2035 r.,-,Przeznaczenie 5% PKB na wydatki wojskowe do 2030 r,,Zatrzymanie osób, którym odmówiono azylu, do czasu ich deportacji,Zwolnienie z podatku dochodowego dla seniorów opóźniających przejście na emeryturę,Rezygnacja z węgla do 2035 r.,Wydłużony urlop rodzicielski, ulgi podatkowe na dzieci i możliwość pracy zdalnej,Rozwój produkcji kolejowej i inwestycje w infrastrukturę,,PL,1741021456.675,10.6330001354218,1741021467.308,,,1741021584.413,1741021584.413,26.5429999828339,1741021610.956,38.3669998645782,1741021649.323,16.2009999752045,1741021665.524,52.7569999694824,1741021718.281,65.2060000896454,1741021730.73,81.9189999103546,1741021812.649,1741021791.991,1741021791.991,113.644999980927,1741021926.294,1741021850.28,1741021850.28,,,1741021962.078,1741021962.078,17.2449998855591,1741021979.323,36.7480001449585,1741022016.071,,,,,,,1,2,,,,1,,,,,1
2025-03-03 18:14:25,2025-03-03 18:16:17,IP Address,100,112,TRUE,2025-03-03 18:16:17,,,,,52.3894,16.8375,anonymous,PL,Chrome,133.0.6943.121,Android 14,360x780,Woman,PL,35 to 39,No, I was born in this country and my parents too,Yes,4,2,,,,,,,,,between $701 and $750,3 High school diploma,Part-time employed,66-443,,Owner,,,Unlikely,Yes,,,,,,,,,,,,,,,,,,,,,,,,,,,,,,,,,,,,,,,,,,,,,,,,,,,,,,,,,,,,,,,,,,,,,,,,,,,,,,,,,,,,,,,,,,,,,,,,,,,,,,,,,,,,,,,,,,,,,,,,,,,,,,,,,,,,,,,,,,,,,,,,,,,,,,,,,,,,,141672_800d28b2,141672_a2c0152d,141672_aef1c3da,141672,112,QuotaMet,1,PL,,0,1,0.458961109970454,2,1,0,2,0,,0,1,0,1,0,Polityka klimatyczna,Kwestie ekonomiczne,Polityka zagraniczna,Kwestie społeczne,System podatkowy,,-,Przeznaczenie 5% PKB na wydatki wojskowe do 2030 r,Zatrzymanie osób, którym odmówiono azylu, do czasu ich deportacji,-,Obniżenie podatków dla gospodarstw domowych o niskich dochodach poprzez zwiększenie kwoty wolnej od podatku,,Rezygnacja z węgla do 2035 r.,Przeznaczenie 5% PKB na wydatki wojskowe do 2030 r,-,Wydłużony urlop rodzicielski, ulgi podatkowe na dzieci i możliwość pracy zdalnej,Zwiększenie podatków od zysków dużych korporacji cyfrowych oraz firm zajmujących się paliwami kopalnymi,,PL,1741022065.056,15.433000087738,1741022080.489,,,,,,,,,,,,,,,,,,,,,,,,,,,,,,,,,,,,,,,,,,,,,,,
2025-03-03 18:09:03,2025-03-03 18:26:12,IP Address,100,1029,TRUE,2025-03-03 18:26:12,,,,,52.2262,21.0172,anonymous,PL,Chrome,109.0.0.0,Windows NT 10.0,1024x820,Man,PL,70 to 74,No, I was born in this country and my parents too,No,1,0,,,,,,,,,less than $100,3 High school diploma,Retired,02-777,,,,Hosted free of charge,Very unlikely,Yes,,,,,Civic Coalition,,,,,Candidate B,,,,,,,,,,,,,,5,,30,30,15,,20,,,,,,,1,,4,3,2,,5,,,,100,,,No,20,No,Very unlikely,,,,,,,,,,,Strongly support,Strongly support,Strongly support,Somewhat oppose,Somewhat support,Yes,,,,,,,,,$100 billion,,,,,,,,,,,Scenario B,,Strongly support,,,A little,A wrong way,A wrong way,A wrong way,An acceptable way,An acceptable way,An acceptable way,An acceptable way,1,2,3,4,5,6,7,,,,,,,,,,,,,,,,,,,,,,,,,,,,Completely dissatisfied0,,decrease,1,2,3,Strongly disagree,,,,,7.936,7.936,15.166,1,No, I do not feel it was biased,,,,,,141672_800d28b2,141672_a2c0152d,141672_aef1c3da,141672,1029,,1,PL,,1,1,0.0843195500979944,2,0,0,2,0,mid,1,0,1,1,1,Polityka klimatyczna,Kwestie społeczne,Kwestie ekonomiczne,Polityka zagraniczna,System podatkowy,,Rezygnacja z węgla do 2035 r.,Złagodzenie restrykcji w zakresie zgromadzeń publicznych i protestów,Rozwój produkcji kolejowej i inwestycje w infrastrukturę,Ograniczenie pomocy rozwojowej,Zwiększenie podatków od zysków dużych korporacji cyfrowych oraz firm zajmujących się paliwami kopalnymi,,Rezygnacja z węgla do 2035 r.,Przywrócenie praw reprodukcyjnych, w tym prawa do aborcji,-,Międzynarodowy podatek od milionerów, z 30% finansowaniem opieki zdrowotnej i edukacji w krajach o niskich dochodach,Zwiększenie podatków od zysków dużych korporacji cyfrowych oraz firm zajmujących się paliwami kopalnymi,,PL,1741021745.583,33.7109999656677,1741021779.294,,,1741021858.47,1741021858.47,67.9289999008179,1741021926.399,,,1741022024.266,1741022024.266,164.18499994278,1741022188.451,298.290999889374,1741022322.557,192.393000125885,1741022514.95,1741022494.963,1741022494.963,139.226999998093,1741022654.177,1741022580.598,1741022580.598,,,1741022712.306,1741022712.306,13.2579998970032,1741022725.564,31.9079999923706,1741022757.472,,,,,,1,,2,,,,1,,,,1,
2025-03-03 18:47:50,2025-03-03 18:49:47,IP Address,100,116,TRUE,2025-03-03 18:49:47,,,,,52.2742,20.9276,anonymous,PL,Chrome,133.0.0.0,Windows NT 10.0,1920x1080,Man,PL,25 to 29,No, I was born in this country and my parents too,No,3,0,,,,,,,,,Prefer not to say,3-4 Vocational training,Part-time employed,01-923,,,,Hosted free of charge,,,,,,,,,,,,,,,,,,,,,,,,,,,,,,,,,,,,,,,,,,,,,,,,,,,,,,,,,,,,,,,,,,,,,,,,,,,,,,,,,,,,,,,,,,,,,,,,,,,,,,,,,,,,,,,,,,,,,,,,,,,,,,,,,,,,,,,,,,,,,,,,,,,,,,,,,,,,,,,141672_800d28b2,141672_a2c0152d,141672_aef1c3da,141672,116,QuotaMet,1,PL,,,1,0.894553273658863,2,2,1,2,1,,1,0,1,0,0,,,,,,,,,,,,,,,,,,,PL,1741024069.979,18.0059998035431,1741024087.985,,,,,,,,,,,,,,,,,,,,,,,,,,,,,,,,,,,,,,,,,,,,,,,
2025-03-03 18:29:02,2025-03-03 18:50:05,IP Address,100,1263,TRUE,2025-03-03 18:50:05,,,,,52.2054,21.0418,anonymous,PL,Edge,133.0.0.0,Windows NT 10.0,1366x768,Woman,PL,50 to 54,No, I was born in this country and my parents too,Yes,3,0,,,,,,,,,less than $100,3-4 Vocational training,Unemployed (searching for a job),03-291,Tenant,,,,Very unlikely,Yes,,,,,Civic Coalition,,,,,Candidate A,,,,,,,,,,,15,30,,20,,,15,,,,20,,,3,1,,2,,,4,,,,5,,,100,,20,Yes,10,Yes,Unlikely,,,,,,,,,,,Somewhat support,Indifferent,Somewhat support,Somewhat support,Somewhat support,,Yes,,,,,,,,,Increase climate finance to match what developing countries are asking for ($600 billion in grants, or 0.9% of GDP).,7,6,5,4,3,2,1,,,Scenario B,,Indifferent,,,A little,,,,,,,,,,,,,,,,I could sign a petition and spread ideas.,,,,My choice would not depend on which parties are part of that coalition.,1,2,3,,,Helping those in need is the right thing to do. This is also true at the international level.,,3,2,1,4,,,,,,,,,,,2,,,,,,,Sentient beings (humans and animals),,,,6.996,8.985,91.763,2,No, I do not feel it was biased,Samochody elektryczne nie są dobrym rozwiązaniem, ich utylizacja po wyeksploatowaniu jest prawie niemozliwa, poza tym nadal są elektrownie węglowe które emitują CO2.,,,,,141672_800d28b2,141672_a2c0152d,141672_aef1c3da,141672,1263,,1,PL,,1,1,0.147466564119669,2,2,1,1,0,high_color,1,1,0,0,1,Polityka klimatyczna,Polityka zagraniczna,Kwestie społeczne,Kwestie ekonomiczne,System podatkowy,,Rezygnacja z węgla do 2035 r.,-,-,-,-,,-,Międzynarodowy podatek od milionerów, z 30% finansowaniem opieki zdrowotnej i edukacji w krajach o niskich dochodach,-,-,Zwolnienie z podatku dochodowego dla seniorów opóźniających przejście na emeryturę,,PL,1741022943.993,9.69400000572205,1741022953.687,,,1741023079.249,1741023079.249,40.7129998207092,1741023119.962,101.364000082016,1741023221.326,98.5880000591278,1741023319.914,107.707000017166,1741023427.621,154.398000001907,1741023474.312,185.06500005722,1741023659.377,,,,,1741023920.448,1741023920.448,,,1741024073.133,1741024073.133,,,1741024112.504,1741024112.504,,,,,,,,2,,1,1,,,,,1,
2025-03-03 17:44:24,2025-03-03 18:51:41,IP Address,100,4037,TRUE,2025-03-03 18:51:42,,,,,50.4109,21.7556,anonymous,PL,Chrome,125.0.0.0,Android 10,384x824,Man,PL,55 to 59,No, I was born in this country and my parents too,Yes,4,0,,,,,,,,,between $401 and $500,3 High school diploma,Full-time employed,38-422,,Owner,,,Very unlikely,Yes,,,,,Confederation,,,,,Candidate B,20,25,20,15,20,4,2,3,1,5,,,,,,,,,,,,,,,,,,,,,,,,,,,,Yes,,Yes,23,Yes,Unlikely,Indifferent,Somewhat oppose,Somewhat oppose,Somewhat support,Somewhat support,Indifferent,Strongly support,Somewhat support,Somewhat support,Somewhat oppose,,,,,,,,Yes,,,,,,,,Increase climate finance to a level between what developed countries have agreed and what developing countries are asking for, with at least half of climate finance in the form of grants ($200 billion in grants, 0.3% of GDP).,7,6,5,4,3,2,1,,Scenario A,,,,Somewhat support,,A little,,,,,,,,,,,,,,,,I could sign a petition and spread ideas.,I could attend a demonstration.,,,Yes, I would be more likely to vote for my party if it joined that coalition (or to vote for another party if only that other party joined the coalition).,3,2,1,,,Helping those in need is the right thing to do. This is also true at the international level.,,2,3,1,4,,,,,,,,,,,7,,not be affected,3,2,1,,Americans,,,,20.393,26.737,28.868,4,No, I do not feel it was biased,,,,,,141672_800d28b2,141672_a2c0152d,141672_aef1c3da,141672,4037,,1,PL,,2,1,0.515464436848523,1,1,1,1,1,mid,0,1,0,1,1,Polityka klimatyczna,System podatkowy,Kwestie społeczne,Polityka zagraniczna,Kwestie ekonomiczne,,Zakaz sprzedaży nowych samochodów z silnikiem spalinowym do 2035 r.,Zwolnienie z podatku dochodowego dla seniorów opóźniających przejście na emeryturę,-,Międzynarodowy podatek od milionerów, z 30% finansowaniem opieki zdrowotnej i edukacji w krajach o niskich dochodach,Rozwój produkcji kolejowej i inwestycje w infrastrukturę,,Zakaz sprzedaży nowych samochodów z silnikiem spalinowym do 2035 r.,Obniżenie podatków dla gospodarstw domowych o niskich dochodach poprzez zwiększenie kwoty wolnej od podatku,-,Międzynarodowy podatek od milionerów, z 30% finansowaniem opieki zdrowotnej i edukacji w krajach o niskich dochodach,Rozwój produkcji kolejowej i inwestycje w infrastrukturę,,PL,1741020265.674,24.2929999828339,1741020289.967,,,1741020531.984,1741020531.984,194.225000143051,1741020726.209,173.738999843597,1741020899.948,32.414999961853,1741020932.363,300.116000175476,1741021232.478,2307.41500020027,1741023239.778,144.659999847412,1741023384.438,,,,,1741023532.401,1741023532.401,,,1741023920.123,1741023920.123,18.2170000076294,1741023938.34,334.508000135422,1741024272.848,,,,,,1,,2,,,,,1,,,1,
2025-03-03 18:52:04,2025-03-03 19:05:10,IP Address,100,785,TRUE,2025-03-03 19:05:11,,,,,50.2694,18.9859,anonymous,PL,Chrome,133.0.0.0,Android 10,339x735,Woman,PL,50 to 54,No, I was born in this country and my parents too,Yes,4,0,,,,,,,,,between $251 and $300,2 Some high school,Part-time employed,44-200,Tenant,,,,Very likely,No,,,,,Confederation,,,,,Candidate B,,,,,,,,,,,50,,10,,,,,,25,,5,10,,2,,1,,,,,,4,,5,3,,100,No,,No,13,No,Likely,Indifferent,Strongly oppose,Strongly oppose,Indifferent,Indifferent,Somewhat support,Indifferent,Somewhat oppose,Strongly oppose,Strongly oppose,,,,,,No,,,,,,,,,$100 billion,,,,,,,,,,Scenario A,,,,Indifferent,,A little,,,,,,,,,,,,,,,,I could sign a petition and spread ideas.,,,,My choice would not depend on which parties are part of that coalition.,1,2,3,High-income countries have a historical responsibility for the current situation in low-income countries.,,Helping those in need is the right thing to do. This is also true at the international level.,,3,1,2,4,,,,,,,,,,,8,,,,,,,My family and myself,,,,4.973,8.18,8.851,3,Yes, left-wing biased,,,,,,141672_800d28b2,141672_a2c0152d,141672_aef1c3da,141672,785,,1,PL,,1,1,0.547325294825091,2,1,0,2,1,high,0,1,0,0,1,Kwestie społeczne,System podatkowy,Polityka zagraniczna,Kwestie ekonomiczne,Polityka klimatyczna,,Wydłużony urlop rodzicielski, ulgi podatkowe na dzieci i możliwość pracy zdalnej,Obniżenie podatków dla gospodarstw domowych o niskich dochodach poprzez zwiększenie kwoty wolnej od podatku,Ograniczenie pomocy rozwojowej,Przeznaczenie 5% PKB na wydatki wojskowe do 2030 r,Rezygnacja z węgla do 2035 r.,,Wydłużony urlop rodzicielski, ulgi podatkowe na dzieci i możliwość pracy zdalnej,Obniżenie podatków dla gospodarstw domowych o niskich dochodach poprzez zwiększenie kwoty wolnej od podatku,-,Rozwój produkcji kolejowej i inwestycje w infrastrukturę,Rezygnacja z węgla do 2035 r.,,PL,1741024325.774,9.32299995422363,1741024335.097,,,1741024475.464,1741024475.464,33.1270000934601,1741024508.591,56.7929999828339,1741024565.384,24.0829999446869,1741024589.467,135.80999994278,1741024725.277,157.540999889374,1741024747.008,118.360000133514,1741024865.368,1741024841.815,1741024841.815,,,1741024937.721,1741024937.721,,,1741025076.171,1741025076.171,,,1741025100.895,1741025100.895,,,,,,,1,2,,,,1,,,,1,
2025-03-03 18:38:04,2025-03-03 19:08:59,IP Address,100,1854,TRUE,2025-03-03 19:08:59,,,,,51.7633,19.4758,anonymous,PL,Chrome,133.0.6943.121,Android 10,393x851,Woman,PL,35 to 39,No, I was born in this country and my parents too,No,1,0,,,,,,,,,between $251 and $300,3-4 Vocational training,Part-time employed,95-200,Tenant,,,,Unlikely,Yes,,,,,Prefer not to say,,,,,Neither of them,,,,,,,,,,,,25,,20,,,,,,20,,20,15,,3,,1,,,,,,5,,2,4,100,,50,No,,No,Likely,,,,,,,,,,,Indifferent,Somewhat oppose,Somewhat oppose,Somewhat oppose,Somewhat support,No,,,,,,,,,,Reduce the provision of climate finance.,1,2,3,4,5,6,7,,,Scenario A,,Somewhat oppose,,,A little,An acceptable way,A wrong way,An acceptable way,An acceptable way,An acceptable way,A wrong way,A wrong way,1,2,3,4,5,6,7,,,,,,,,,,,,,,,,,,,,,,,,,,5,,,,,,,,Disagree,,,,,7.873,620.084,694.301,21,No, I do not feel it was biased,Jestem przerażona, ale nie zmianami klimatycznymi, bo te były, są i będą, tylko tym, że z tego tematu znaleźli sobie sposób na kasę. Poza tym dlaczego pieniądze z podatków najbogatszych miały by iść na zmniejszanie ubóstwa? Każdy może pracować, rozwijać się, ewentualnie wyemigrować "za chlebem". Czemu ludzie,ktorzy całe życie pracują i prowadzą np firmy miałby płacić większy podatek? 
Czasami zastanawiam się gdzie ludzie pogubili mózgi. Aktywiści gadajacy jak członkowie sekty, wprowadzanie/nakladanie zmian na obywateli. Przykład: auta elektryczne. Ile pradu musi być wytworzone, przez to ceny prądu wzrosły. A co my zrobimy później z tym złomem? Kto i w jaki sposób zutylizuje te baterie? 
Mogłabym naprawdę wiele mówić na tematy absurdalne, które mają miejsce. Ale chyba nie chce się denerwować
,,,,,141672_800d28b2,141672_a2c0152d,141672_aef1c3da,141672,1854,,1,PL,,3,1,0.213973882425105,2,2,1,1,0,mid,0,0,1,0,0,System podatkowy,Polityka zagraniczna,Kwestie ekonomiczne,Kwestie społeczne,Polityka klimatyczna,,Obniżenie podatków dla gospodarstw domowych o niskich dochodach poprzez zwiększenie kwoty wolnej od podatku,Zatrzymanie osób, którym odmówiono azylu, do czasu ich deportacji,Przeznaczenie 5% PKB na wydatki wojskowe do 2030 r,Złagodzenie restrykcji w zakresie zgromadzeń publicznych i protestów,Rezygnacja z węgla do 2035 r.,,Zwiększenie podatków od zysków dużych korporacji cyfrowych oraz firm zajmujących się paliwami kopalnymi,Zatrzymanie osób, którym odmówiono azylu, do czasu ich deportacji,-,-,-,,PL,1741023486.128,26.2019999027252,1741023512.33,,,1741023637.114,1741023637.114,126.74599981308,1741023763.86,55.8950002193451,1741023819.755,48.8879997730255,1741023868.643,234.81600022316,1741024103.459,272.772000074387,1741024141.415,202.219000101089,1741024343.634,1741024290.666,1741024290.666,175.001999855042,1741024518.636,1741024392.614,1741024392.614,,,1741024595.346,1741024595.346,,,1741024641.92,1741024641.92,,,,,,1,,2,,,,1,,,,,1
2025-03-03 18:33:35,2025-03-03 19:27:15,IP Address,100,3219,TRUE,2025-03-03 19:27:16,,,,,52.2299,21.0093,anonymous,PL,Chrome,131.0.0.0,Android 10,412x915,Woman,PL,30 to 34,No, I was born in this country and my parents too,Yes,5 or more,4 or more,,,,,,,,,less than $100,3 High school diploma,Inactive (not searching for a job),07-111,,Owner,,,Unlikely,No,,,,,United Right,,,,,Candidate B,,,,,,,,,,,5,,5,75,0,,,,,,,15,,5,,3,1,4,,,,,,,2,,100,,10,Yes,10,Yes,Unlikely,Somewhat support,Somewhat support,Somewhat support,Somewhat support,Somewhat support,Somewhat support,Somewhat support,Somewhat support,Somewhat support,Somewhat support,,,,,,Yes,,,,,,,,,,Increase climate finance to a level between what developed countries have agreed and what developing countries are asking for, with at least half of climate finance in the form of grants ($200 billion in grants, 0.3% of GDP).,7,6,5,4,3,2,1,,Scenario B,,,,Somewhat support,,A little,,,,,,,,,,,,,,,,I could sign a petition and spread ideas.,I could attend a demonstration.,I could go on strike.,I could donate [amount_lottery: $100] to a strike fund.,Yes, I would be more likely to vote for my party if it joined that coalition (or to vote for another party if only that other party joined the coalition).,3,2,1,,,Helping those in need is the right thing to do. This is also true at the international level.,,2,3,1,4,,,,,,,,,,3,,,,,,,,Americans,,,,6.44,10.681,14.433,4,No, I do not feel it was biased,Nie mam,,,,,141672_800d28b2,141672_a2c0152d,141672_aef1c3da,141672,3219,,1,PL,,3,1,0.690325554621016,2,2,1,1,1,high,0,1,0,0,1,System podatkowy,Polityka zagraniczna,Kwestie ekonomiczne,Polityka klimatyczna,Kwestie społeczne,,Zwolnienie z podatku dochodowego dla seniorów opóźniających przejście na emeryturę,Zatrzymanie osób, którym odmówiono azylu, do czasu ich deportacji,Przeznaczenie 5% PKB na wydatki wojskowe do 2030 r,-,-,,-,Zatrzymanie osób, którym odmówiono azylu, do czasu ich deportacji,-,Rezygnacja z węgla do 2035 r.,Wydłużony urlop rodzicielski, ulgi podatkowe na dzieci i możliwość pracy zdalnej,,PL,1741023219.96,19.5699999332428,1741023239.53,,,1741023393.109,1741023393.109,52.7690000534058,1741023445.878,74.550999879837,1741023520.429,34.0950000286102,1741023554.524,401.950999975204,1741023956.475,415.394000053406,1741023969.918,229.575999975204,1741024199.494,1741024166.686,1741024166.686,,,1741025893.921,1741025893.921,,,1741026263.133,1741026263.133,,,1741026419.15,1741026419.15,,,,,,,1,2,,,,1,,1,,,
2025-03-03 19:19:43,2025-03-03 19:27:45,IP Address,100,482,TRUE,2025-03-03 19:27:46,,,,,53.0176,18.6202,anonymous,PL,Chrome,133.0.6943.137,Android 14,384x832,Woman,PL,30 to 34,No, I was born in this country and my parents too,Yes,5 or more,4 or more,,,,,,,,,between $401 and $500,0-1 Primary or less,Part-time employed,32-600,Tenant,,,,Unlikely,No,,,,,The Left,,,,,Neither of them,,,,,,,,,,,,100,,,,,,,0,0,,0,0,,1,,,,,,,5,2,,3,4,100,Yes,,Yes,52,Yes,Unlikely,,,,,,,,,,,Somewhat support,Indifferent,Somewhat oppose,Indifferent,Somewhat support,Yes,,,,,,,,,$26 billion,,,,,,,,,,,Scenario B,,Somewhat support,,,A lot,,,,,,,,,,,,,,,,,,,,,,,,,,,,,,,,,,,,,,,,,,,,,,,,,,,,,,,,,,,,,,,141672_800d28b2,141672_a2c0152d,141672_aef1c3da,141672,482,Screened,1,PL,,2,1,0.070781688222378,2,1,1,2,0,high_color,1,1,0,1,1,Kwestie ekonomiczne,Polityka zagraniczna,Kwestie społeczne,System podatkowy,Polityka klimatyczna,,Rozwój produkcji kolejowej i inwestycje w infrastrukturę,Zatrzymanie osób, którym odmówiono azylu, do czasu ich deportacji,Złagodzenie restrykcji w zakresie zgromadzeń publicznych i protestów,Zwiększenie podatków od zysków dużych korporacji cyfrowych oraz firm zajmujących się paliwami kopalnymi,-,,Rozwój produkcji kolejowej i inwestycje w infrastrukturę,Międzynarodowy podatek od milionerów, z 30% finansowaniem opieki zdrowotnej i edukacji w krajach o niskich dochodach,-,Zwiększenie podatków od zysków dużych korporacji cyfrowych oraz firm zajmujących się paliwami kopalnymi,Rezygnacja z węgla do 2035 r.,,PL,1741025985.024,9.71099996566772,1741025994.735,,,1741026119.881,1741026119.881,105.631999969482,1741026225.513,27.1510000228882,1741026252.664,17.0799999237061,1741026269.744,49.6380000114441,1741026319.382,65.1570000648499,1741026334.901,62.7179999351501,1741026397.619,1741026380.278,1741026380.278,,,1741026419.178,1741026419.177,,,,,,,,,,,,,,,,2,,1,,1,,,,,
2025-03-03 19:11:10,2025-03-03 19:39:13,IP Address,100,1683,TRUE,2025-03-03 19:39:14,,,,,52.4099,16.9239,anonymous,PL,Chrome,123.0.6312.118,Android 10,393x851,Man,PL,50 to 54,No, I was born in this country and my parents too,Yes,4,1,,,,,,,,,less than $100,2 Medium school,Retired,50-555,Tenant,,,,Very unlikely,No,,,,,United Right,,,,,Candidate B,30,25,25,10,10,4,1,2,3,5,,,,,,,,,,,,,,,,,,,,,,,,,,,,Yes,,Yes,24,Yes,Unlikely,Somewhat support,Somewhat support,Somewhat oppose,Somewhat support,Indifferent,Somewhat support,Somewhat support,Indifferent,Somewhat support,Indifferent,,,,,,Yes,,,,,,,,,$100 billion,,,,,,,,,,Scenario B,,,,Indifferent,,A little,,,,,,,,,,,,,,,,I could sign a petition and spread ideas.,,,,My choice would not depend on which parties are part of that coalition.,3,2,1,,,Helping those in need is the right thing to do. This is also true at the international level.,,3,2,1,4,,,,,,,,,,3,,,increase,1,2,3,Neither agree nor disagree,,,,,27.699,40.638,41.501,4,No, I do not feel it was biased,,,,,,141672_800d28b2,141672_a2c0152d,141672_aef1c3da,141672,1683,,1,PL,,1,1,0.938216013121003,1,1,0,2,1,mid,1,1,1,1,1,Polityka zagraniczna,System podatkowy,Kwestie społeczne,Polityka klimatyczna,Kwestie ekonomiczne,,Ograniczenie pomocy rozwojowej,Zwiększenie podatków od zysków dużych korporacji cyfrowych oraz firm zajmujących się paliwami kopalnymi,Złagodzenie restrykcji w zakresie zgromadzeń publicznych i protestów,Zakaz sprzedaży nowych samochodów z silnikiem spalinowym do 2035 r.,Rozwój produkcji kolejowej i inwestycje w infrastrukturę,,Zatrzymanie osób, którym odmówiono azylu, do czasu ich deportacji,Zwiększenie podatków od zysków dużych korporacji cyfrowych oraz firm zajmujących się paliwami kopalnymi,-,-,Przeznaczenie 5% PKB na wydatki wojskowe do 2030 r,,PL,1741025472.275,19.5349998474121,1741025491.81,,,1741025663.206,1741025663.205,103.185000181198,1741025766.39,140.356999874115,1741025906.747,42.6700000762939,1741025949.417,209.339999914169,1741026158.757,274.406999826431,1741026223.824,325.088000059128,1741026548.912,1741026472.375,1741026472.375,,,1741026683.492,1741026683.491,,,1741027016.385,1741027016.385,35.2400000095367,1741027051.625,59.5420000553131,1741027111.167,,,,,,1,,2,,,,1,,1,,,
2025-03-03 19:49:52,2025-03-03 19:51:20,IP Address,100,87,TRUE,2025-03-03 19:51:21,,,,,53.4333,14.5045,anonymous,PL,Safari iPhone,Unknown,iPhone,390x844,Woman,PL,21 to 24,No, I was born in this country and my parents too,Yes,2,0,,,,,,,,,Prefer not to say,2 Some high school,Unemployed (searching for a job),71-113,,Owner,,,,,,,,,,,,,,,,,,,,,,,,,,,,,,,,,,,,,,,,,,,,,,,,,,,,,,,,,,,,,,,,,,,,,,,,,,,,,,,,,,,,,,,,,,,,,,,,,,,,,,,,,,,,,,,,,,,,,,,,,,,,,,,,,,,,,,,,,,,,,,,,,,,,,,,,,,,,,,,,,141672_800d28b2,141672_a2c0152d,141672_aef1c3da,141672,87,QuotaMet,1,PL,,,1,0.688137698147478,1,2,0,2,1,,1,0,0,1,0,,,,,,,,,,,,,,,,,,,PL,1741027793.379,4.46600008010864,1741027797.845,,,,,,,,,,,,,,,,,,,,,,,,,,,,,,,,,,,,,,,,,,,,,,,
2025-03-03 20:04:29,2025-03-03 20:19:53,IP Address,100,924,TRUE,2025-03-03 20:19:54,,,,,50.2576,19.0307,anonymous,PL,Chrome,133.0.6943.122,Android 14,360x780,Woman,PL,45 to 49,No, I was born in this country and my parents too,Yes,3,0,,,,,,,,,between $401 and $500,2 Some high school,Full-time employed,44-120,,Owner,,,Very unlikely,Yes,,,,,Civic Coalition,,,,,Neither of them,,,,,,,,,,,,55,,,,,10,,20,,5,,10,,5,,,,,2,,3,,4,,1,100,,,Yes,5,Yes,Likely,,,,,,,,,,,Somewhat support,Somewhat support,Strongly support,Indifferent,Somewhat support,,Yes,,,,,,,,,Increase climate finance to a level between what developed countries have agreed and what developing countries are asking for, with at least half of climate finance in the form of grants ($200 billion in grants, 0.3% of GDP).,7,6,5,4,3,2,1,,,Scenario B,,Strongly support,,,A little,,,,,,,,,,,,,,,,I could sign a petition and spread ideas.,,,,My choice would not depend on which parties are part of that coalition.,3,2,1,,,Helping those in need is the right thing to do. This is also true at the international level.,,1,2,3,4,,,,,,,,,,,,2,increase,3,2,1,,Americans,,,,3.046,14.627,15.242,6,No, I do not feel it was biased,Brak uwag,,,,,141672_800d28b2,141672_a2c0152d,141672_aef1c3da,141672,924,,1,PL,,2,1,0.0982603377425718,2,0,0,1,0,low,0,1,0,1,1,Kwestie ekonomiczne,Polityka klimatyczna,Kwestie społeczne,Polityka zagraniczna,System podatkowy,,-,Rezygnacja z węgla do 2035 r.,Wydłużony urlop rodzicielski, ulgi podatkowe na dzieci i możliwość pracy zdalnej,-,Obniżenie podatków dla gospodarstw domowych o niskich dochodach poprzez zwiększenie kwoty wolnej od podatku,,Rozwój produkcji kolejowej i inwestycje w infrastrukturę,-,-,Zatrzymanie osób, którym odmówiono azylu, do czasu ich deportacji,Obniżenie podatków dla gospodarstw domowych o niskich dochodach poprzez zwiększenie kwoty wolnej od podatku,,PL,1741028670.417,8.32699990272522,1741028678.744,,,1741028803.418,1741028803.418,35.941999912262,1741028839.36,,,1741028927.212,1741028927.212,131.494000196457,1741029058.705,172.218000173569,1741029099.43,135.473999977112,1741029234.904,,,,,1741029309.358,1741029309.358,,,1741029506.677,1741029506.677,10.6779999732971,1741029517.355,60.7430000305176,1741029578.098,,,,,,,,2,1,,1,,,,1,,
2025-03-03 20:24:12,2025-03-03 20:33:52,IP Address,100,580,TRUE,2025-03-03 20:33:52,,,,,50.2601,19.0275,anonymous,PL,Chrome,133.0.0.0,Android 10,360x800,Woman,PL,35 to 39,No, I was born in this country and my parents too,No,5 or more,3,,,,,,,,,between $201 and $250,3 High school diploma,Part-time employed,41-808,Tenant,,,,Unlikely,Yes,,,,,Prefer not to say,,,,,Candidate A,,,,,,,,,,,10,,,,,,20,,35,,,25,10,4,,,,,,5,,2,,,1,3,100,,5,No,5,No,Unlikely,,,,,,,,,,,Indifferent,Indifferent,Indifferent,Indifferent,Indifferent,Yes,,,,,,,,,$26 billion,,,,,,,,,,Scenario A,,,,,Indifferent,A little,A wrong way,An acceptable way,The best way,An acceptable way,An acceptable way,An acceptable way,An acceptable way,1,2,3,4,5,6,7,,,,,,,,,,,,,,,,,,,,,,,,,,,,8,,,,,,,People from my region, from my continent or from my religion,,,,12.201,20.396,21.478,3,No, I do not feel it was biased,,,,,,141672_800d28b2,141672_a2c0152d,141672_aef1c3da,141672,580,,1,PL,,1,1,0.0723776780237392,2,2,0,2,1,high_color,1,0,0,0,1,Kwestie społeczne,Polityka klimatyczna,Polityka zagraniczna,Kwestie ekonomiczne,System podatkowy,,Wydłużony urlop rodzicielski, ulgi podatkowe na dzieci i możliwość pracy zdalnej,Zakaz sprzedaży nowych samochodów z silnikiem spalinowym do 2035 r.,-,Rozwój produkcji kolejowej i inwestycje w infrastrukturę,Zwolnienie z podatku dochodowego dla seniorów opóźniających przejście na emeryturę,,-,-,Międzynarodowy podatek od milionerów, z 30% finansowaniem opieki zdrowotnej i edukacji w krajach o niskich dochodach,-,Obniżenie podatków dla gospodarstw domowych o niskich dochodach poprzez zwiększenie kwoty wolnej od podatku,,PL,1741029852.592,15.6900000572205,1741029868.282,,,1741030010.17,1741030010.17,29.2089998722076,1741030039.379,80.6740000247955,1741030120.053,31.933000087738,1741030151.986,27.856999874115,1741030179.843,41.1019999980927,1741030193.088,62.4500000476837,1741030255.538,1741030233.355,1741030233.355,46.6099998950958,1741030302.147,1741030276.096,1741030276.096,,,1741030377.128,1741030377.128,,,1741030409.499,1741030409.499,,,,,,,,2,,1,,1,,,,1,
2025-03-03 20:23:01,2025-03-03 20:42:18,IP Address,100,1157,TRUE,2025-03-03 20:42:19,,,,,54.3448,18.6293,anonymous,PL,Chrome,126.0.0.0,Android 10,320x676,Man,PL,50 to 54,No, I was born in this country and my parents too,No,2,0,,,,,,,,,between $101 and $200,2 Medium school,Unemployed (searching for a job),75-355,,Owner,,,Likely,Yes,,,,,The Left,,,,,Neither of them,,,,,,,,,,,,,,20,,15,35,,5,,,,25,,,,4,,5,3,,1,,,,2,100,,0,No,14,No,Unlikely,Indifferent,Somewhat oppose,Indifferent,Indifferent,Indifferent,Indifferent,Somewhat support,Indifferent,Indifferent,Somewhat oppose,,,,,,No,,,,,,,,,$26 billion,,,,,,,,,,,Scenario A,Somewhat oppose,,,,A little,,,,,,,,,,,,,,,I would not support such a movement.,,,,,My choice would not depend on which parties are part of that coalition.,1,2,3,,In the long run, it is in the interest of high-income countries to help low-income countries.,,,3,2,1,4,,,,,,,,,,5,,,increase,1,2,3,Disagree,,,,,13.429,17.84,18.966,4,Yes, left-wing biased,,,,,,141672_800d28b2,141672_a2c0152d,141672_aef1c3da,141672,1157,,1,PL,,1,1,0.506402634667792,2,2,1,2,0,high,0,1,1,1,1,Polityka klimatyczna,Kwestie społeczne,System podatkowy,Kwestie ekonomiczne,Polityka zagraniczna,,-,-,-,Przeznaczenie 5% PKB na wydatki wojskowe do 2030 r,Zatrzymanie osób, którym odmówiono azylu, do czasu ich deportacji,,Rezygnacja z węgla do 2035 r.,-,Zwiększenie podatków od zysków dużych korporacji cyfrowych oraz firm zajmujących się paliwami kopalnymi,-,Ograniczenie pomocy rozwojowej,,PL,1741029782.135,25.5989999771118,1741029807.734,,,1741029978.583,1741029978.583,87.7950000762939,1741030066.378,183.720999956131,1741030250.099,104.666000127792,1741030354.765,104.104999780655,1741030458.869,129.990000009537,1741030484.755,199.819999933243,1741030684.575,1741030656.522,1741030656.522,,,1741030721.333,1741030721.333,,,1741030847.667,1741030847.667,25.6039998531342,1741030873.271,44.0710000991821,1741030917.342,,,,,,,1,2,,,,1,,1,,,
2025-03-03 21:03:18,2025-03-03 21:13:46,IP Address,100,628,TRUE,2025-03-03 21:13:47,,,,,52.204,21.0068,anonymous,PL,Firefox,135.0,Android 14,324x720,Man,PL,60 to 64,No, I was born in this country and my parents too,No,1,0,,,,,,,,,more than $900,7-8 Master's or higher,Full-time employed,00-716,Tenant,,,,Unlikely,Yes,,,,,Civic Coalition,,,,,Candidate A,,,,,,,,,,,45,5,5,,,,,,10,,,35,,3,5,1,,,,,,4,,,2,,100,,25,Yes,,Yes,Unlikely,Somewhat oppose,Indifferent,Indifferent,Somewhat support,Somewhat support,Somewhat support,Strongly oppose,Somewhat support,Somewhat support,Somewhat support,,,,,,Yes,,,,,,,,,,Increase climate finance to match what NGOs are asking for (at least $1,000 billion per year in grants, that is 1.4% of GDP, is what Greenpeace, Oxfam, WWF, and the World Council of Churches ask for).,7,6,5,4,3,2,1,,,Scenario A,Indifferent,,,,A little,,,,,,,,,,,,,,,,I could sign a petition and spread ideas.,,,,Yes, I would be more likely to vote for my party if it joined that coalition (or to vote for another party if only that other party joined the coalition).,1,2,3,,,Helping those in need is the right thing to do. This is also true at the international level.,,3,2,1,4,,,,,,,,,6,,,,increase,1,2,3,Neither agree nor disagree,,,,,5.506,9.492,10.385,5,Yes, left-wing biased,,,,,,141672_800d28b2,141672_a2c0152d,141672_aef1c3da,141672,628,,1,PL,,1,1,0.475630927243184,2,2,1,1,0,mid,0,1,1,1,0,Polityka klimatyczna,System podatkowy,Kwestie ekonomiczne,Kwestie społeczne,Polityka zagraniczna,,Zakaz sprzedaży nowych samochodów z silnikiem spalinowym do 2035 r.,-,Rozwój produkcji kolejowej i inwestycje w infrastrukturę,Wydłużony urlop rodzicielski, ulgi podatkowe na dzieci i możliwość pracy zdalnej,Ograniczenie pomocy rozwojowej,,-,Zwiększenie podatków od zysków dużych korporacji cyfrowych oraz firm zajmujących się paliwami kopalnymi,Przeznaczenie 5% PKB na wydatki wojskowe do 2030 r,-,-,,PL,1741032198.759,7.24699997901917,1741032206.006,,,1741032319.228,1741032319.228,25.3040001392365,1741032344.532,73.1299998760223,1741032417.662,26.7910001277924,1741032444.453,13.4140000343323,1741032457.867,35.4449999332428,1741032479.898,134.394000053406,1741032614.292,1741032588.899,1741032588.899,,,1741032649.568,1741032649.568,,,1741032767.92,1741032767.92,19.9570000171661,1741032787.877,27.691999912262,1741032815.569,,,,,,1,,2,,,,1,,,,,1
2025-03-03 20:57:23,2025-03-03 21:16:12,IP Address,100,1129,TRUE,2025-03-03 21:16:12,,,,,52.2394,21.0362,anonymous,PL,Chrome,133.0.6943.122,Android 14,384x832,Man,PL,35 to 39,No, I was born in this country and my parents too,Yes,5 or more,2,,,,,,,,,between $201 and $250,2 Some high school,Full-time employed,09-400,Tenant,,,,Very unlikely,Yes,,,,,Confederation,,,,,Candidate B,35,15,15,20,15,1,3,2,4,5,,,,,,,,,,,,,,,,,,,,,,,,,,,,,,No,18,No,Likely,,,,,,,,,,,Strongly support,Somewhat support,Somewhat oppose,Somewhat oppose,Indifferent,,,Yes,,,,,,,$300 billion,,,,,,,,,,,Scenario B,,Somewhat support,,,A little,An acceptable way,An acceptable way,A wrong way,An acceptable way,A right way,A right way,A wrong way,7,6,5,4,3,2,1,,,,,,,,,,,,,,,,,,,,,,,,,,2,,,,decrease,1,2,3,Disagree,,,,,8.921,19.056,19.874,5,Yes, left-wing biased,,,,,,141672_800d28b2,141672_a2c0152d,141672_aef1c3da,141672,1129,,1,PL,,3,1,0.0923324423125788,1,0,1,2,0,high_color,0,0,1,1,1,Polityka klimatyczna,Kwestie społeczne,Polityka zagraniczna,Kwestie ekonomiczne,System podatkowy,,Rezygnacja z węgla do 2035 r.,Przywrócenie praw reprodukcyjnych, w tym prawa do aborcji,Ograniczenie pomocy rozwojowej,Przeznaczenie 5% PKB na wydatki wojskowe do 2030 r,Zwolnienie z podatku dochodowego dla seniorów opóźniających przejście na emeryturę,,Zakaz sprzedaży nowych samochodów z silnikiem spalinowym do 2035 r.,Wydłużony urlop rodzicielski, ulgi podatkowe na dzieci i możliwość pracy zdalnej,Międzynarodowy podatek od milionerów, z 30% finansowaniem opieki zdrowotnej i edukacji w krajach o niskich dochodach,Rozwój produkcji kolejowej i inwestycje w infrastrukturę,Obniżenie podatków dla gospodarstw domowych o niskich dochodach poprzez zwiększenie kwoty wolnej od podatku,,PL,1741031844.155,17.7580001354218,1741031861.913,,,1741032042.821,1741032042.821,58.8669998645782,1741032101.688,,,1741032250.854,1741032250.854,133.350999832153,1741032384.205,193.240999937057,1741032444.095,179.302000045776,1741032623.397,,,206.97000002861,1741032830.367,1741032719.574,1741032719.574,,,1741032885.716,1741032885.716,24.2009999752045,1741032909.917,41.9079999923706,1741032951.825,,,,,,,,2,,1,,,1,,,,1
2025-03-03 20:36:06,2025-03-03 21:17:53,IP Address,100,2506,TRUE,2025-03-03 21:17:54,,,,,52.2377,20.9874,anonymous,PL,Chrome,133.0.0.0,Android 10,412x892,Woman,PL,30 to 34,No, I was born in this country and my parents too,Yes,5 or more,2,,,,,,,,,between $401 and $500,3 High school diploma,Unemployed (searching for a job),11-001,,,,Hosted free of charge,Likely,Yes,,,,,United Right,,,,,Candidate A,15,45,10,15,15,1,2,3,4,5,,,,,,,,,,,,,,,,,,,,,,,,,,,,,32,Yes,36,Yes,Likely,,,,,,,,,,,Somewhat support,Somewhat support,Somewhat support,Indifferent,Indifferent,Yes,,,,,,,,,,Increase climate finance to match what developing countries are asking for ($600 billion in grants, or 0.9% of GDP).,1,2,3,4,5,6,7,,Scenario B,,,,,Strongly support,A little,,,,,,,,,,,,,,,,I could sign a petition and spread ideas.,I could attend a demonstration.,I could go on strike.,,Yes, I would be more likely to vote for my party if it joined that coalition (or to vote for another party if only that other party joined the coalition).,3,2,1,High-income countries have a historical responsibility for the current situation in low-income countries.,In the long run, it is in the interest of high-income countries to help low-income countries.,Helping those in need is the right thing to do. This is also true at the international level.,,3,1,2,4,,,,,,,,,,2,,,,,,,,Americans,,,,5.301,8.099,8.801,3,No, I do not feel it was biased,,,,,,141672_800d28b2,141672_a2c0152d,141672_aef1c3da,141672,2506,,1,PL,,3,1,0.0612415187203422,1,2,1,1,1,low,1,1,0,0,1,Polityka klimatyczna,System podatkowy,Kwestie ekonomiczne,Polityka zagraniczna,Kwestie społeczne,,Zakaz sprzedaży nowych samochodów z silnikiem spalinowym do 2035 r.,Zwolnienie z podatku dochodowego dla seniorów opóźniających przejście na emeryturę,-,Zatrzymanie osób, którym odmówiono azylu, do czasu ich deportacji,Złagodzenie restrykcji w zakresie zgromadzeń publicznych i protestów,,Zakaz sprzedaży nowych samochodów z silnikiem spalinowym do 2035 r.,Zwolnienie z podatku dochodowego dla seniorów opóźniających przejście na emeryturę,Przeznaczenie 5% PKB na wydatki wojskowe do 2030 r,Zatrzymanie osób, którym odmówiono azylu, do czasu ich deportacji,Złagodzenie restrykcji w zakresie zgromadzeń publicznych i protestów,,PL,1741030567.975,13.3020000457764,1741030581.277,,,1741030791.551,1741030791.551,47.8589999675751,1741030839.41,75.9219999313354,1741030915.332,25.8299999237061,1741030941.162,1510.8259999752,1741032451.988,1535.89100003242,1741032477.053,149.486000061035,1741032626.539,1741032592.088,1741032592.088,,,1741032828.224,1741032828.224,,,1741033008.181,1741033008.181,,,1741033063.632,1741033063.632,,,,,,,,2,1,,,1,,1,,,
2025-03-03 14:51:49,2025-03-03 22:00:33,IP Address,100,25724,TRUE,2025-03-03 22:00:34,,,,,52.1703,22.2834,anonymous,PL,Chrome,133.0.6943.122,Android 14,376x835,Man,PL,55 to 59,No, I was born in this country and my parents too,Yes,3,0,,,,,,,,,less than $100,2 Some high school,Retired,08-110,Tenant,,,,Very unlikely,No,,,,,Poland 2050,,,,,Candidate A,,,,,,,,,,,,,5,,30,,,20,,20,25,,,,,1,,2,,,5,,3,4,,,100,No,,Yes,33,Yes,Unlikely,Indifferent,Indifferent,Somewhat support,Indifferent,Somewhat support,Indifferent,Strongly support,Somewhat support,Indifferent,Indifferent,,,,,,,,Yes,,,,,,,$300 billion,,,,,,,,,,Scenario B,,,,Somewhat support,,A little,,,,,,,,,,,,,,,,I could sign a petition and spread ideas.,,,,Yes, I would be more likely to vote for my party if it joined that coalition (or to vote for another party if only that other party joined the coalition).,3,2,1,,In the long run, it is in the interest of high-income countries to help low-income countries.,Helping those in need is the right thing to do. This is also true at the international level.,,2,1,3,4,,,,,,,,,,,6,,increase,1,2,3,Agree,,,,,20.4,21.761,25.122,2,No, I do not feel it was biased,,,,,,141672_800d28b2,141672_a2c0152d,141672_aef1c3da,141672,25724,,1,PL,,1,1,0.598399355914071,2,1,0,2,1,high,1,1,1,1,1,System podatkowy,Kwestie społeczne,Polityka zagraniczna,Polityka klimatyczna,Kwestie ekonomiczne,,Zwolnienie z podatku dochodowego dla seniorów opóźniających przejście na emeryturę,Złagodzenie restrykcji w zakresie zgromadzeń publicznych i protestów,-,Rezygnacja z węgla do 2035 r.,-,,Zwiększenie podatków od zysków dużych korporacji cyfrowych oraz firm zajmujących się paliwami kopalnymi,Wydłużony urlop rodzicielski, ulgi podatkowe na dzieci i możliwość pracy zdalnej,Zatrzymanie osób, którym odmówiono azylu, do czasu ich deportacji,Zakaz sprzedaży nowych samochodów z silnikiem spalinowym do 2035 r.,Rozwój produkcji kolejowej i inwestycje w infrastrukturę,,PL,1741009911.982,16.039999961853,1741009928.022,,,1741010195.365,1741010195.365,24857.5529999733,1741035052.918,36.8259999752045,1741035089.744,7.90100002288818,1741035097.645,51.0190000534058,1741035148.664,70.2269999980927,1741035167.872,145.009000062943,1741035312.881,,,,,1741035352.986,1741035352.986,,,1741035555.824,1741035555.824,15.5910000801086,1741035571.415,38.699000120163,1741035610.114,,,,,,,1,2,,,,,1,,,1,
2025-03-03 21:51:53,2025-03-03 22:09:36,IP Address,100,1062,TRUE,2025-03-03 22:09:36,,,,,50.0663,19.9503,anonymous,PL,Chrome iPhone,133.0.6943.120,iPhone,414x896,Man,PL,50 to 54,No, I was born in this country and my parents too,Yes,4,0,,,,,,,,,more than $900,7-8 Master's or higher,Full-time employed,31-845,,Owner,,,Likely,Yes,,,,,Civic Coalition,,,,,Candidate A,20,20,20,0,40,2,4,1,3,5,,,,,,,,,,,,,,,,,,,,,,,,,,,,,,Yes,,No,Very unlikely,,,,,,,,,,,Strongly support,Somewhat oppose,Somewhat support,Somewhat support,Strongly support,,No,,,,,,,,,Increase climate finance to a level between what developed countries have agreed and what developing countries are asking for, with at least half of climate finance in the form of grants ($200 billion in grants, 0.3% of GDP).,7,6,5,4,3,2,1,,,Scenario B,,Strongly support,,,A little,,,,,,,,,,,,,,,,I could sign a petition and spread ideas.,I could attend a demonstration.,I could go on strike.,I could donate [amount_lottery: $100] to a strike fund.,Yes, I would be more likely to vote for my party if it joined that coalition (or to vote for another party if only that other party joined the coalition).,1,2,3,,In the long run, it is in the interest of high-income countries to help low-income countries.,,,1,3,2,4,,,,,,,,,7,,,,increase,3,2,1,Agree,,,,,5.601,10.933,11.987,3,No, I do not feel it was biased,,,,,,141672_800d28b2,141672_a2c0152d,141672_aef1c3da,141672,1062,,1,PL,,1,1,0.0924764080188415,1,0,0,1,0,mid,1,1,1,1,0,Kwestie ekonomiczne,Polityka klimatyczna,System podatkowy,Kwestie społeczne,Polityka zagraniczna,,Rozwój produkcji kolejowej i inwestycje w infrastrukturę,-,Obniżenie podatków dla gospodarstw domowych o niskich dochodach poprzez zwiększenie kwoty wolnej od podatku,Złagodzenie restrykcji w zakresie zgromadzeń publicznych i protestów,Ograniczenie pomocy rozwojowej,,Rozwój produkcji kolejowej i inwestycje w infrastrukturę,-,-,Złagodzenie restrykcji w zakresie zgromadzeń publicznych i protestów,Zatrzymanie osób, którym odmówiono azylu, do czasu ich deportacji,,PL,1741035114.412,20.808000087738,1741035135.22,,,1741035245.036,1741035245.036,45.6380000114441,1741035290.674,,,1741035370.172,1741035370.172,83.7030000686646,1741035453.875,124.996999979019,1741035495.169,146.131000041962,1741035641.3,,,,,1741035729.863,1741035729.863,,,1741036112.328,1741036112.328,20.3829998970032,1741036132.711,31.0650000572205,1741036163.776,,,,,,1,,2,,,1,,,,,,1
2025-03-03 22:30:04,2025-03-03 22:34:35,IP Address,100,270,TRUE,2025-03-03 22:34:35,,,,,51.9867,15.4749,anonymous,PL,Chrome,133.0.0.0,Windows NT 10.0,1536x864,Man,PL,30 to 34,No, I was born in this country and my parents too,No,3,0,,,,,,,,,between $501 and $600,3-4 Vocational training,Full-time employed,60-665,,Owner,,,Unlikely,Yes,,,,,United Right,,,,,Candidate A,65,25,5,0,5,4,3,2,1,5,,,,,,,,,,,,,,,,,,,,,,,,,,,,,0,Yes,,Yes,Unlikely,Strongly support,Strongly support,Strongly support,Strongly support,Strongly support,Somewhat support,Somewhat support,Somewhat support,Somewhat support,Somewhat support,,,,,,,,Yes,,,,,,,,Increase climate finance to match what NGOs are asking for (at least $1,000 billion per year in grants, that is 1.4% of GDP, is what Greenpeace, Oxfam, WWF, and the World Council of Churches ask for).,7,6,5,4,3,2,1,,,Scenario B,Somewhat support,,,,A little,,,,,,,,,,,,,,,I would not support such a movement.,,,,,No, I would be less likely to vote for my party if it joined that coalition.,3,2,1,,,,None of the above.,1,3,2,4,,,,,,,,,,,7,,not be affected,3,2,1,,Humans,,,,1.825,1.825,5.885,1,Yes, left-wing biased,,,,,,141672_800d28b2,141672_a2c0152d,141672_aef1c3da,141672,270,Screened,1,PL,,1,1,0.675437342299949,1,2,1,1,0,high,0,1,0,1,0,Kwestie społeczne,System podatkowy,Polityka zagraniczna,Kwestie ekonomiczne,Polityka klimatyczna,,Wydłużony urlop rodzicielski, ulgi podatkowe na dzieci i możliwość pracy zdalnej,Zwiększenie podatków od zysków dużych korporacji cyfrowych oraz firm zajmujących się paliwami kopalnymi,Zatrzymanie osób, którym odmówiono azylu, do czasu ich deportacji,Rozwój produkcji kolejowej i inwestycje w infrastrukturę,-,,Wydłużony urlop rodzicielski, ulgi podatkowe na dzieci i możliwość pracy zdalnej,-,Międzynarodowy podatek od milionerów, z 30% finansowaniem opieki zdrowotnej i edukacji w krajach o niskich dochodach,Rozwój produkcji kolejowej i inwestycje w infrastrukturę,-,,PL,1741037406.222,9.77500009536743,1741037415.997,,,1741037483.674,1741037483.674,7.40499997138977,1741037491.079,29.5120000839233,1741037520.591,6.74499988555908,1741037527.336,18.5920000076294,1741037545.928,25.1640000343323,1741037552.5,29.154000043869,1741037581.654,,,,,1741037592.468,1741037592.468,,,1741037639.408,1741037639.408,5.84599995613098,1741037645.254,23.9090001583099,1741037669.163,,,,,,,1,2,,,,,1,,,1,
2025-03-03 18:03:30,2025-03-03 22:56:03,IP Address,100,17552,TRUE,2025-03-03 22:56:03,,,,,51.0856,17.0213,anonymous,PL,Chrome,133.0.6943.137,Android 13,385x854,Woman,PL,55 to 59,No, I was born in this country and my parents too,Yes,2,0,,,,,,,,,between $501 and $600,7-8 Master's or higher,Inactive (not searching for a job),32-090,Tenant,,,,Very unlikely,No,,,,,Poland 2050,,,,,Candidate A,10,5,55,10,20,1,3,2,4,5,,,,,,,,,,,,,,,,,,,,,,,,,,,,,,Yes,33,Yes,Unlikely,Somewhat support,Somewhat support,Indifferent,Indifferent,Somewhat support,Strongly support,Somewhat support,Somewhat support,Somewhat support,Indifferent,,,,,,Yes,,,,,,,,,$100 billion,,,,,,,,,,,Scenario A,Somewhat support,,,,A little,,,,,,,,,,,,,,,,I could sign a petition and spread ideas.,,,,My choice would not depend on which parties are part of that coalition.,1,2,3,,In the long run, it is in the interest of high-income countries to help low-income countries.,,,1,2,3,4,,,,,,,,,5,,,,increase,1,2,3,,Sentient beings (humans and animals),,,,8.265,11.876,12.667,4,No, I do not feel it was biased,,,,,,141672_800d28b2,141672_a2c0152d,141672_aef1c3da,141672,17552,,1,PL,,3,1,0.639943874357255,1,0,1,2,0,mid,1,1,0,1,1,Polityka zagraniczna,Polityka klimatyczna,Kwestie ekonomiczne,System podatkowy,Kwestie społeczne,,Ograniczenie pomocy rozwojowej,-,Rozwój produkcji kolejowej i inwestycje w infrastrukturę,Zwolnienie z podatku dochodowego dla seniorów opóźniających przejście na emeryturę,Złagodzenie restrykcji w zakresie zgromadzeń publicznych i protestów,,Międzynarodowy podatek od milionerów, z 30% finansowaniem opieki zdrowotnej i edukacji w krajach o niskich dochodach,Zakaz sprzedaży nowych samochodów z silnikiem spalinowym do 2035 r.,Rozwój produkcji kolejowej i inwestycje w infrastrukturę,-,-,,PL,1741021412.212,12.5530002117157,1741021424.765,,,1741038176.241,1741038176.241,36.3940000534058,1741038212.635,,,1741038296.933,1741038296.933,140.307999849319,1741038437.241,161.672999858856,1741038458.606,257.390000104904,1741038715.996,1741038686.029,1741038686.029,,,1741038753.923,1741038753.923,,,1741038891.489,1741038891.489,23.7519998550415,1741038915.241,34.6920001506805,1741038949.933,,,,,,1,,2,,,,1,,,,,1
