"lang","field"
"EN","taxes"
"EN","Being born without my consent (the world is a mess and I don't want to be a part of it)."
"FR","L'humiliation"
"EN","it would be the impact of economic inequality leading to worse health outcomes in everyday Americans"
"EN","Middle class-ism. Too much money to qualify for things, not enough money to afford it."
"EN","The issue about the climate."
"JA","åå…¥æ ¼å·®"
"DE","Gesundheit, Frieden"
"EN","Not getting health care"
"EN","Sybau give me my cheese tf"
"EN","Abortion.  Killing the most vulnerable of children before they have a chance to have a full life is an abomination."
"JA","ç¨é‡‘"
"DE","Geld. Wie viel Geld"
"JA","ç¨é‡‘ãŒéèª²ç¨ä¸–å¸¯ã«ã°ã‹ã‚Šçµ¦ä»˜ã•ã‚Œã¦ã„ã‚‹ã“ã¨ã€‚ã‚‚ã£ã¨ç´ç¨è€…ã®è² æ‹…ã‚’è»½ãã—ã¦æ¬²ã—ã„ã€‚å­ä¾›ã‚‚å¤šå­ä¸–å¸¯ã§ã¯ãªã„ã®ã§æ•™è‚²è²»ã®è² æ‹…ãŒå¤§ãã™ãã‚‹ã€‚"
"JA","è‡ªåˆ†è‡ªèº«ã‚’å«ã‚ã€å®¶æ—ãŒã¿ã‚“ãªå…ƒæ°—ã§æ—¥ã€…å¹¸ã›ã«æš®ã‚‰ã—ã¦ã„ã‘ã‚‹ã“ã¨"
"IT","Salute per me e tutti i miei cari; pace interiore"
"EN","Money, good health, and a stronger relationship with my higher power"
"EN","Immigration"
"JA","èª­æ›¸"
"IT","il rapporto tra la percentuale di persone ricche e povere nel mondo. Troppi ricchi che si arricchiscono ulteriormente sulle spalle dei tanti poveri che lavorano in condizioni disumane"
"DE","frieden"
"ES","No tener muchos derechos que tendriamos que tener.
"
"EN","A lottery win; Keir Starmer to call a General Election; Palestine to evaporate
"
"JA","æ‰‹å–ã‚Šã‚’å¢—ã‚„ã™
æ¸›ç¨"
"AR","Ø§Ø¨Ù†ÙŠ Ù…Ø³ØªÙ‚Ø¨Ù„ÙŠ"
"EN","Political unrest caused by the few which is fueling violence, hatred and disrupt."
"FR","Les aides sociales beaucoup trop importantes"
"EN","I am not sure"
"DE","Ein Thema, das ich fÃ¼r sehr wichtig halte, aber in der Ã¶ffentlichen Debatte oft vernachlÃ¤ssigt wird, ist digitale Datenschutzkompetenz â€“ also nicht nur Datenschutzgesetze, sondern auch die AufklÃ¤rung darÃ¼ber, wie unsere Daten gesammelt und genutzt werden und wie man sich selbst schÃ¼tzen kann.
"
"EN","I wish to be healthy and happy."
"ES","Llegar a fin de mes"
"EN","fair housing and fair wages"
"IT","Carico fiscale eccessivo"
"EN","Segregation"
"EN","The rising costs of everything."
"AR","Ù„Ø§ÙŠÙˆØ¬Ø¯"
"EN","The gap between and poor and rich is the greatest injustice of all."
"EN","Not torturing murderers"
"EN","When there were no laws in ancient times, many people suffered unreasonable human rights inequalities, and laws were supposedly created to correct them. and yet, the leaders of countries disregarding the law makes me think there is no greater injustice."
"JA","æ¸›ç¨ã€ç¤¾ä¼šä¿éšœè²»æ¸›å…"
"DE","Rentner"
"JA","ç¨é‡‘æ”¿ç­–"
"JA","æˆ¦äº‰ã‚’ä»•æ›ã‘ãŸæ–¹ã‚‚ä»•æ›ã‘ã‚‰ã‚ŒãŸæ–¹ã‚‚ãˆã‚‰ã„äººãŸã¡ã¯å‘½ã®ä¿è¨¼ã‚‚ç”Ÿæ´»ã®ä¿éšœã‚‚ã•ã‚Œã¦ã„ã‚‹ã®ã«æ”¿æ²»ã«ã¤ã„ã¦ä½•ã‚‚è¨€ãˆãªã„åº¶æ°‘ãŒè¢«å®³ã«é­ã£ã¦ã„ã‚‹ã“ã¨ã€‚"
"DE","Wirtschaftliche Lage in Deutschland und global"
"ES","Son los posibles recortes que pueda pasar con los beneficios de asistencia publica si el congreso aprueba la ley que Donald Trump quiere que se apruebe"
"EN","LGBT rights."
"DE","Kriege"
"EN","The rich are too rich and the poor too poor."
"ES","EducaciÃ³n"
"PL","Pomoc w kosztach leczenia raka"
"IT","DIVENTARE RICCO"
"ES","ProstituciÃ³n de la polÃ­tica"
"ES","que algunas personas ocupen la vivienda de otros sin pagar nada por ello"
"PL","SkÅ‚Ã³cenie ugrupowaÅ„ politycznych majÄ…cych znaczÄ…cy wpÅ‚yw na rozwÃ³j mojego kraju."
"FR","De plus d argent pour pouvoir mieux vivre"
"FR","Une vie paisible Ã  lâ€™abri du besoin"
"JA","ç”Ÿã¾ã‚ŒãªãŒã‚‰ã«ã—ã¦æ¡ä»¶ã«å·®ãŒã‚ã‚‹ã“ã¨ã€‚"
"EN","My main concern these days is how to me and my family can live a healthy and stress free life"
"ES","La economÃ­a estÃ¡ cada vez mÃ¡s alta , los precios suben"
"AR","ØªØ¬Ù…ÙŠØ¹ Ø§Ù„Ù…Ø§Ù„"
"PL","Nowy samochÃ³d"
"DE","Ukrainekrieg"
"JA","ç‰¹ã«ãªã—"
"EN","no"
"FR","GUERRE UKRAINE
PROTECTIONISME AMERICAIN
GUERRE GAZA"
"IT","Pagare tutte le spese cercando di arrivare a fine mese senza troppi intoppi"
"EN","qksjffj vovkkv slckidr ofjfdk xoshdh"
"ES","CorrupciÃ³n"
"EN","Illegals entering the our country and high taxes."
"EN","Ignoring the public regarding mass migration into this country illegally"
"JA","åœ°æ–¹ã§ã®å…¬å…±äº¤é€šæ©Ÿé–¢ç¶­æŒ"
"EN","Lack and costs of homes for young people"
"EN","The environment, the civil rights of minorities, and the economy."
"ES",
"DE","finanzielle Sicherheit; gutes Sozialleben mit Familie und Freunden und berufliche StabilitÃ¤t"
"AR","Ø§Ù„Ø¨Ø±Ù…Ø¬Ù‡
Ø§Ù„Ø±Ø§Ø­Ù‡
Ø§Ù„Ø±ÙŠØ§Ø¶Ù‡
Ø§Ù„ØªÙ†Ø²Ù‡Ù‡ ÙˆØ§Ù„ØªØ±ÙÙŠÙ‡"
"EN","Financial stress"
"AR","Ø§ÙƒÙ„ Ø­Ù‚ÙˆÙ‚ Ø§Ù„Ø¹Ø¨Ø§Ø¯"
"EN","I wish to have everything I want"
"DE","Ausruhen"
"AR","ÙƒØ³Ø¨ Ø±Ø§ØªØ¨ Ø´Ù‡Ø±ÙŠ Ù„Ø§ÙŠÙ‚Ù„ Ø¹Ù† 20 Ø§Ù„Ù Ø±ÙŠØ§Ù„"
"JA","ç‰¹ã«ãªã„"
"EN","I need more time so that I can do all the things I want to do.  I wish that my child would grow up to be a fine person."
"AR","Ø¥Ù† ÙŠØ­ÙƒÙ… Ø¹Ù„Ù‰ Ø´Ø®Øµ Ø¨Ù‚Ø¶Ø§Ø¡ Ù…Ø¯Ø© Ø¨Ø§Ù„Ø³Ø¬ÙˆÙ† ÙˆÙ‡Ùˆ ØºÙŠØ± Ù…Ø°Ù†Ø¨"
"JA","ã‚¦ã‚¤ã‚¹ã‚­ãƒ¼ã®æ³•åˆ¶åŒ–"
"FR","Moins d impÃ´ts, plus de sÃ©curitÃ©,  des politiques responsables qui pensent aux franÃ§ais et  franÃ§aises avant leur compte en banque."
"JA",
"JA","è¾²æ¥­ã¨é–¢ç¨ã€é£Ÿæ–™è‡ªçµ¦ç‡ã¨å®‰å…¨ä¿éšœ"
"JA","ãªã—"
"EN","racism"
"JA","ç§»æ°‘ã®äººã¨ã®ç¨ç‡"
"PL","KÅ‚opoty finansowe"
"JA","æ ¸å…µå™¨ã‚’ä¿æœ‰ã™ã‚‹ã€€å¤©çš‡åˆ¶ã®å»ƒæ­¢"
"DE","RENTE , ASYLANTEN"
"EN","The rise of inflation, crime and housing costs"
"JA","é«˜é€Ÿé“è·¯ã§ã®ãƒãƒŠãƒ¼
"
"EN","Treason"
"EN","Wars anywhere"
"EN","Trump"
"ES","la admision de los inmigrantes ilegales que estan erosionado la sociedad espaÃ±ola, aumentando la criminalidad y la inseguridad a los espaÃ±oles"
"JA","ãªã—"
"JA","å®‰å¿ƒã—ã¦æš®ã‚‰ã›ã‚‹ã“ã¨"
"EN","Unemployment and not enough money."
"EN","the plight of the black man in America"
"PL","bieda"
"EN","War criminal Tony Blair not being charged for the illegal war in Iraq which has caused thousands of unnecessary deaths"
"DE","Reiche werden reicher, MittelstÃ¤ndler sind ungesehen"
"ES","Oposiciones"
"EN","Finances and personal life purpose"
"DE","Diskriminierung"
"EN","Racial profiling"
"EN","Not sure"
"ES","Buscar trabajo y la situacion del pais"
"EN","National debt"
"JA","ç™»å±±"
"ES","Los aranceles impuestos por Trump que afecten a la bolsa"
"ES","Acceso fÃ¡cil a la vivienda"
"EN","School choice."
"EN","keeping every one healthy"
"EN","All of them"
"EN","An issue thatâ€™s important to me is the subject of discrimination. Everyday people of different races, sexualities, and genders are discriminated against and sometimes are the victims of hate crimes"
"JA","ç‰¹ã«ãªã—"
"JA","æ¸›ç¨"
"FR","Les finances et la violence"
"DE","It's good"
"EN","Gun safety"
"IT","Crisi economica e perdita del lavoro, inflazione, salute"
"JA","æ‰‹å–ã‚Šã‚¢ãƒƒãƒ—ï¼ˆç¨é‡‘ã‚„ç¤¾ä¼šä¿éšœæ–™ã‚’æ¾å–ã—ã™ãï¼‰"
"ES",
"DE","Benachteiligung wegen Herkunft"
"EN","I wish for the world to work together and stop all the hate that continues to grow every year"
"EN","Illegal immigration, the push back by many liberals will destroy our country."
"EN","Ending the Jones Act"
"IT","Che non abbiamo tutti pari diritti"
"JA","ä¸­å›½äººã®ç§»æ°‘å•é¡Œ"
"IT","aiutare gli stranieri e non gli italiani"
"EN","how am I going to live a happy life and have more meaningful relationships that don't feel one sided"
"EN","happy life style"
"EN","Wealth inequality"
"ES","Tranquilidad y salud"
"FR","L'emploi"
"FR","Salaire bas par rapport Ã  nos connaissances"
"JA","å­ä¾›ã¸ã®æ”¯æ´ã€å­è‚²ã¦ã—ã‚„ã™ã„ç’°å¢ƒ"
"AR","Ø£Ù† Ø£Ø­ØµÙ„ Ø¹Ù„Ù‰ Ø§Ù„Ø¬Ù†Ø³ÙŠØ© ÙÙŠ Ø§Ù„Ø¨Ù„Ø¯ Ø§Ù„Ø°ÙŠ ÙˆÙ„Ø¯Øª ÙÙŠÙ‡"
"JA","ãƒ€ã‚¤ã‚¨ãƒƒãƒˆ"
"ES","Los cambios economicos y sociales que se estan implementando debido a las nuevas medidas del gobierno, en especial el aspecto de imposicion de aranceles a la gran mayoria de los paises, la inmigracion, los despidos federales, cambios en el sistema educativo, tanto inicial como en universidades. Las relaciones internaciones para definir las politicas entre Ucrania y Rusia. La discusion con los paises europeos, la imposicion del idioma a los latinos en especial y en fin todo es preocupante, ya que son muchos cambios en tan poco tiempo que ha llevado a una gran mayoria estar a la expectativa a nivel general. Las fluctuaciones en el mercado de valores ha sido muy stresante para muchos inversionistas y grandes empresas a nivel internacional.

Y pues considero que la mayoria de la poblacion estamos consternados por la incertidumbre que se vive en el pais, unos mas afectados que otros, pero todos somos de alguna manera afectados, tal para muchos positivamente para igual para muchisimos mas negativamente.

El tiempo nos dira la realidad que iremos viviendo en el dia a dia . Dios mediante el bien comun sea PARA TODOS y que REINE LA PAZ Y LA ARMONIA EN EL MUNDO ENTERO: Asi sera, Amen amen amen."
"JA","ç‰¹ã«ãªã—"
"JA","ãƒãƒ£ãƒ³ã‚¹ãŒå¹³ç­‰ã«ä¸ãˆã‚‰ã‚Œãšã«ã€ç§˜å¯†è£ã«ç‰©äº‹ãŒæ±ºã‚ã‚‰ã‚Œã‚‹ã“ã¨"
"DE","Reich und arm"
"JA","é«˜é½¢åŒ–ç¤¾ä¼šã®è«¸å•é¡Œ"
"ES","salud, estabilidad economica para mi y para mi familia"
"EN","To own a dream house"
"ES","InmigraciÃ³n, situaciÃ³n polÃ­tica, economÃ­a, educaciÃ³n, falta de valores,"
"AR","Ø§Ù† Ø§ÙˆÙØ± Ø¨ÙŠØ¦Ù‡ Ø§Ù…Ù†Ù‡ Ù„ÙŠ ÙˆÙ„Ø§Ø§Ø·ÙØ§Ù„ÙŠ"
"DE","Wenn man fÃ¼r etwas bestraft wird und man es nicht gemacht hat"
"DE","matura, wg finden"
"IT","Non so"
"FR","ÃŠtre heureuse dans ma vie"
"EN","Womenâ€™s lack of rights across the world"
"EN","Gender inequality"
"JA","æ–™ç†ã€æ•™è‚²ã€è³‡ç”£å½¢æˆ"
"EN","My needs is to have a great job to make sure my daughter and I are safe. My wishes is for my daughter and i to live a long and healthy life."
"ES","Hay muchas, no sabrÃ­a decir la mayor."
"AR","Ù‚Ø¶ÙŠÙ‡ Ø§Ù„ØªÙˆØ¸ÙŠÙ Ù„Ù„Ù…ÙˆØ§Ø·Ù†ÙŠÙ† Ø§ÙƒØ«Ø± Ø£Ø¨Ù†Ø§Ø¡ Ø§Ù„ÙˆØ·Ù† Ø¨Ù„Ø§ÙˆØ¸Ø§Ø¦Ù"
"AR","Ø¹Ù‚ÙˆÙ‚ Ø§Ù„ÙˆØ§Ù„Ø¯ÙŠÙ†"
"ES","Para mÃ­, aunque puedo parecer retrÃ³grada, la mayor injusticia que hay: es el aborto: porque estamos quitando la vida a un ser vivo, que no se puede defender que depende totalmente de nosotros vivirÃ¡s y le dejamos o morirÃ¡s y lo matamos. Soy cristiana y creyente entonces no puedo admitir esto para mÃ­ es la mayor injusticia, quitar la vida a alguien que no puede defenderse."
"AR","Ø£Ø±ÙŠØ¯ ØªØ£Ø³ÙŠØ³ Ø´Ø±ÙƒÙ‡ ØªÙˆØ²ÙŠØ¹ Ù„Ù„Ø§Ø¯ÙˆÙŠÙ‡ Ù Ø§Ù„Ù…Ù…Ù„ÙƒÙ‡ Ø§Ù„Ø¹Ø±Ø¨ÙŠÙ‡ Ø§Ù„Ø³Ø¹ÙˆØ¯ÙŠÙ‡"
"EN","Trump as president"
"JA","ç‰¹ã«ãªã„"
"FR","immigration massive et clandestine"
"EN","economy and healthcare"
"JA","å¤–è¦³ã§é£¯ã‚’é£Ÿãˆã‚‹äººç¨®ã€‚"
"IT","PiÃ¹ ferie durante l'anno."
"EN","Revoking a woman's right to an abortion"
"EN","To get a good paying job that isnâ€™t miserable. I donâ€™t want to be handed things, I wanna work for them. I just want to be happy and not feel like I have to waste my life to survive. Surviving isnâ€™t living."
"JA","é ‘å¼µã£ã¦ã„ã‚‹äººãŒæ•‘ã‚ã‚Œãªã„äº‹ãŒã‚ã‚‹ã¨ä¸å…¬å¹³ã«æ€ã„ã¾ã™"
"EN","Mental health"
"AR","Ø§Ù„Ø¬Ù†Ù‡ ÙˆÙ„Ø§ Ø´ÙŠØ¡ ØºÙŠØ±Ù‡Ø§ Ù„Ø§ Ø§Ø±ÙŠØ¯ Ø§Ù„Ù…Ø§Ù„ ÙØ§Ù„Ù…Ø§Ù„ Ø²ÙŠÙ†Ù‡ Ø§Ù„Ø¯Ù†ÙŠØ§ ÙˆØ§Ù„Ø§Ø®Ø±Ù‡ Ø®ÙŠØ± Ù„Ù„Ù…ØªÙ‚ÙŠÙ†"
"EN","Getting bombed on or prices going up"
"ES","asa"
"EN","Not being able to make enough to support the rising costs of everything these days. I feel like itâ€™s getting worse and Iâ€™m going further and further into debt."
"AR","Ø§Ù„Ø­ØµÙˆÙ„ Ø¹Ù„Ù‰ Ø¹Ù…Ù„ ÙŠØªØ­Ø³Ù† ÙÙŠÙ‡ Ù…Ø³ØªÙˆÙ‰ Ø§Ù„Ù…Ø¹ÙŠØ´ÙŠ Ø¹Ù†Ø¯ÙŠ ÙˆØ§Ø³Ø¯Ø¯ Ø¯ÙŠÙˆÙ†ÙŠ"
"EN","I don't know
"
"EN","Homeless and employment issues. We help everyone else but ourselves and I need to know I will have a job"
"ES","La familia y el trabajo"
"EN","Tough question.  I think it's not taking care of each other."
"EN","The world to have all it needs and my needs is the prices to pick a price and keep it for christ sake"
"AR","Ø¹Ø¯Ù… Ø§Ù„Ø­Ø±ÙŠØ©"
"ES","Los okupas"
"JA","å¥³æ€§ã®ã»ã†ãŒè¦ªæ¨©ã‚’å–ã‚Šã‚„ã™ã„"
"ES","Que los representantes polÃ­ticos elegidos por el ciudadano nos roben."
"EN","Climate change/control and issues related to it"
"DE","Nein"
"DE","Klimawandel und Anzahl Eineohner"
"FR","La plus grande injustice, selon moi, est celle qui prive un Ãªtre humain de sa dignitÃ© fondamentale â€” câ€™est-Ã -dire le droit dâ€™exister librement, en sÃ©curitÃ©, et dâ€™Ãªtre reconnu comme Ã©gal aux autres. Cela peut prendre la forme de lâ€™esclavage, du racisme systÃ©mique, de la pauvretÃ© extrÃªme, ou encore de la nÃ©gation des droits humains."
"PL","Nie"
"JA","è€å¾Œç”Ÿæ´»"
"EN","Environment, cost of living"
"JA","æ¨ã—ã®æ´»å‹•"
"DE","Migration, Gewalt, Messerstecherei, Autos rasen in Menschen, finanzielle Not, fremd im eigenen Land"
"AR","Ù‚Ø¶ÙŠØ© ÙÙ„Ø³Ø·ÙŠÙ†"
"FR","CondamnÃ© pour un crimes que l'on n'a pas commis"
"EN","I donâ€™t know"
"JA","ç¤¾ä¼šãã®ã‚‚ã®"
"JA","çœŸé¢ç›®ã«åƒã„ã¦ãŠé‡‘ã‚’è²¸ã›è¦ã‚‹äººãŒæ§˜ã€…ãªè² æ‹…ã‚’å¼·ã„ã‚‰ã‚Œã¦ã„ã¦ã€ä¸€æ–¹ã§åƒã„ã¦ã„ãªã„å¼±è€…ãªã©ãŒæ”¯æ´ã‚’å—ã‘ã‚‹"
"EN","Any injustice against children, especially abuse."
"DE","Chancenungleichheit hinsichtlich Bildung und Gesundheit"
"EN","To live each day like it's my last."
"EN","probably the difference between upperclass and middle class"
"ES","No tengo de ninguna necesidad y lo que deseo es viajar mas"
"JA","å¹´é‡‘"
"JA","ä½ã¿ã‚„ã™ã„æœªæ¥"
"EN","The widening rift between Democrats and Republicans to the point that both would rather ensure a bill fails than to admit the other has a valid point. No one on either side wants to step out of line and bring the two sides closer to the center of the spectrum."
"JA","ç‰©ä¾¡ã®å®‰å®š"
"EN","No comment"
"EN","no I feel like everything was covered"
"AR","Ø§Ù† ØªØ¹Ø·ÙŠ ÙˆÙ‚ØªÙƒ Ù…Ù† Ù„Ø§ ÙŠØ³ØªØ­Ù‚Ù‡"
"EN","People not being able to afford food and housing."
"ES","la pobreza extrema o la desigualdad social."
"FR","j'ai besoin que la suisse pense aux suisse avant les autres"
"EN","food prices"
"EN","My wish is to constantly improve so I can better understand and assist those who interact with me."
"EN","Inflation and crime is two of my most maintenance these days"
"FR","Plus de questionnaires Ã  point Ã©levÃ©"
"ES","la desigualdad"
"EN","Wrongful convictions"
"EN","The economy"
"EN","Saving and investing money wisely. Raising my son to be a kind and responsible person. Maintaining my marital relationship and family happiness."
"EN","Increase in cost of living and prices for everything"
"EN","I wish I could make money find a good job that values there employee's with bonuses and gives out compliments to those who work hard."
"JA","æ—…è¡Œ"
"JA","ä»•äº‹ã§é ‘å¼µã£ã¦ã„ã‚‹ã®ã«å–¶æ¥­ãƒãƒ³ã®æ–¹ãŒçµ¦æ–™ãŒé«˜ã„ã“ã¨"
"EN",
"EN","The rising cost of living"
"DE","Geld und Liebe"
"FR","Des malettes de billets pour atteindre la question precedente et devenir millionaire"
"EN","not really sure at the moment. maybe that all people are not treated as equals"
"EN","i need the lord Jesus Christ and i wish for his presence."
"FR","Le fait que des millions de personnes nâ€™aient pas accÃ¨s Ã  lâ€™eau potable, Ã  la nourriture ou aux soins mÃ©dicaux de base, alors que la planÃ¨te produit plus quâ€™assez de ressources pour tout le monde, est une injustice criante."
"FR",
"PL","Inflacja"
"EN","Ø§Ø¬ØªÙ…Ø§Ø¹ÙŠØ§ ÙˆÙ…Ù† Ø®Ù„Ø§Ù„ Ù†ØµÙ Ù‚Ø±Ù† Ù‚Ø¶ÙŠØªÙ‡Ø§ ÙÙŠ Ø§Ù„Ø¯Ù†ÙŠØ§ ÙˆØ¬Ø¯Øª Ø§Ù† ÙÙŠ ÙƒÙ„ Ù…Ø¬ØªÙ…Ø¹ Ø§Ù†Ø§Ø³ Ø°Ùˆ ÙƒÙØ§Ø¡Ø© ÙˆÙ„ÙƒÙ† Ø¨Ù„Ø§ Ø­Ø¸ ÙÙŠØ¬Ø¨ Ø§Ù† ÙŠØ¹Ø·Ù‰ Ù‡Ø¤Ù„Ø§Ø¡ ÙØ±Øµ ÙÙƒÙ… Ù…Ù† Ø°ÙƒÙŠ Ù„Ù… ÙŠØ¬Ø¯ Ø¨ÙŠØ¦Ù‡ ØªØ­ØªØ¸Ù†Ù‡ ÙˆØ¬Ù‡Ù‡Ø§ Ù„Ø·Ø±ÙŠÙ‚ Ø³ÙŠØ¡ ÙˆØ§Ø¸Ù‡Ø± Ø§Ø¨Ø¯Ø§Ø¹ ÙˆØ°Ø§Ù„Ùƒ Ù„ÙˆØ¬ÙˆØ¯ Ø¨ÙŠØ¦Ù‡ Ø§Ø­ØªØ¸Ù†ØªÙ‡"
"AR","Ø§Ù„ØªØ³ÙˆÙ‚
Ø§Ù„Ù‚Ø±Ø§Ø¡Ø©
Ø§Ù„Ø§Ù„Ø¹Ø§Ø¨
ØªØµÙØ­ Ø§Ù„Ù†Øª"
"IT","Calamita ambientale, diversitÃ  di genere, SanitÃ , scuola,"
"PL","Normalnie zarabiaÄ‡ godnie w stosunku do wydatkÃ³w i inflacji byÄ‡ pracownikiem a nie robotem"
"EN","no the ones I'm interested in are all mentioned in the public debates"
"DE","Inflation"
"FR","AccÃ¨s aux soins de santÃ©"
"FR","Le pourcentage d'impÃ´ts que nous payons en France"
"JA","ç„¡å›½ç±ã®å­ä¾›"
"AR","Ø¸Ù„Ù… Ø§Ù„Ø§ÙŠØªØ§Ù…"
"EN","To live without physical pain or monetary hardships."
"JA","ãŠé‡‘ã‚’ç¨¼ãã“ã¨"
"JA","è²§å¯Œã®å·®"
"ES","EL ROBO CONSTANTE A LOS CIUDADANOS DE NUESTRO DINERO A TRAVES DE LOS IMPUESTOS DE TODO TIPO QUE EXISTEN EN ESPAÃ‘A"
"JA","ç”Ÿæ´»ãŒè±Šã‹ã«ãªã‚‹ã“ã¨"
"JA","ç±³é«˜é¨°"
"EN","Very good"
"FR","L'augmentation des prix, la violence..."
"FR","les coupables impunis"
"AR","Ø§Ù† ÙŠØµØ¨Ø­ Ù„Ø¯ÙŠ Ù…Ù„ÙŠØ§Ø± Ø¯ÙˆÙ„Ø§Ø±
"
"DE","Es gibt zu viele Ungerechtigkeiten, die gleichermaÃŸen unfair sind"
"AR","Ø§Ù‡Ø¯Ù Ø¥Ù„Ù‰ ØªØ­Ù‚ÙŠÙ‚ Ø§Ù…ØªÙŠØ§Øª Ø§Ø¨Ù†Ø§Ø¦ÙŠ ÙˆØ±Ø¤ÙŠØªÙ‡Ù… Ø¨Ø£ÙØ¶Ù„ Ø­Ø§Ù„
"
"FR",
"DE","Einmal Urlaub mit meinem Sohn 
Oder ihm seinen Wunsch zu erfÃ¼llen einmal in einem Freizeitpark zu fahren"
"FR","La guerre IsraÃ«l Palestine"
"IT","la situazione della sanita in italia"
"EN","Men's suicide rate is three times higher than women's"
"JA","çµŒæ¸ˆ"
"JA","æ†²æ³•æ”¹æ­£(ç‰¹ã«æ†²æ³•9æ¡)"
"PL","Stan mojego zdrowia"
"JA","ãƒˆãƒ©ãƒ³ãƒ—é–¢ç¨ã«ä¼´ã†ã“ã¨ã€‚ä»Šå¾Œã©ã†ãªã‚‹ã®ã‹ã€‚"
"PL","RzÄ…dzÄ…cy naszym Å›wiatem, ktÃ³rzy robiÄ… wszystko pod swoje widzimisie tak aby nakraÅ›Ä‡ jak najwiecej"
"EN","My health and will my retirement last"
"JA","å­è‚²ã¦ä¸–ä»£ã€ç„¡å„ŸåŒ–ã¯åå¯¾"
"JA",
"JA","ã‚²ãƒ¼ãƒ ã€ã‚¢ãƒ‹ãƒ¡"
"DE","Krieg und steigende Inflation"
"EN","More time with family and traveling to new places."
"IT","Non pagare un lavoro svolto"
"JA","æ¸›ç¨æ”¿ç­–"
"JA","å¤šæ•°æ±º"
"EN","I wish to live a happy and healthy life."
"DE","Klima und Wirtschaft"
"JA","å®¶æ—ãŒå¥åº·ã§ä»²è‰¯ãæš®ã‚‰ã›ã‚‹ã“ã¨"
"EN","education and lower tuition"
"EN","LIVE A GOOD EASY LIFE FOR AT LEAST THE NEXT 10 YEARS."
"EN","None"
"JA","æ¸›ç¨ã€"
"EN","For what?"
"EN","There are many injustices in the world, but I personally think being unable to do something simply based on gender/race/etc. is a great injustice"
"DE","Mietrecht"
"EN","No"
"IT","Disuguaglianze di genere e razza"
"DE","Es wird die Volksmeinung durch die Politiker meist nicht beachtet weil sie nicht mehr Kompromissbereit sind und die Parteien durch extreme Herren gefÃ¼hrt werden"
"DE","ich mÃ¶chte ein besseres Land mit einer Politik, die die Deutschen bevorzugt"
"IT","PiÃ¹ soldi"
"JA","ãªã„"
"EN","So many people in poverty and so many billionaires"
"JA","å¤–å›½äººã®å¼·åˆ¶é€é‚„ãŒãªã•ã‚Œã¦ã„ãªã„ã€‚"
"EN","Ø§Ù† Ø§ØµØ¨Ø­ Ù…Ù„ÙŠØ§Ø±Ø¯ÙŠØ±"
"DE","keine Anmerkung"
"FR","de stabilitÃ©,paix, equlibre intereur"
"EN","CLIMATE CHANGE"
"ES","Que haya personas que tienen millones y millones y otros que no tienen ni para comer cada dÃ­a"
"ES","las diferencias sociales"
"FR","je suis dans une pÃ©riode de ma vie ou tout va bien , j'ai un mari , de beaux enfants , un mÃ©tier et tout Ã§a bien Ã©quilibrÃ©. Bien sur que j'aimerais Ãªtre riche ou millionnaire (comme dans la question prÃ©cÃ©dente, ) pour faire pleins de voyages dans le monde et gater mes proches et ma famille"
"EN","The way Trump became President again after being impeached twice"
"FR","La guerre, le genocide, la montÃ©e de la misogynie chez les jeunes, le racisme ... le gouvernement de Macron"
"JA","ç‰¹ã«ç„¡ã—"
"AR","Ø±Ø¬Ù„ Ø§Ø¹Ù…Ø§Ù„"
"FR",
"PL","MyÅ›lÄ™ Å¼e nie"
"IT","La guerra ( in particolare quella in Ucraina,ma anche il genocidio dei palestinesi), lo stato della nostra SanitÃ , la scuola che sta peggiorando di anno in anno e la sicurezza sociale. Oggi si uccide per un paio di scarpe sporcate o un no male accettato"
"JA","æ¨ã—ã®LIVEã«è¡Œãã“ã¨"
"JA","ãƒˆãƒ©ãƒ³ãƒ—å¤§çµ±é ˜ã®é–¢ç¨å•é¡Œ"
"DE","KINDER UND ALTE MENSCHEN werden oft vergessen"
"JA","ç‰©ä¾¡å¯¾ç­–"
"DE","."
"EN","That people with criminal records get help finding work and I have a degree, no criminal record and I can't get a job"
"JA","è²§å›°"
"AR","Ø£ÙƒØ¨Ø± Ø¸Ù„Ù… Ø¹Ù„Ù‰ Ø§Ù„Ø¥Ø·Ù„Ø§Ù‚ Ù‡Ùˆ Ø¸Ù„Ù… Ø§Ù„Ù†ÙØ³ØŒ Ø£ÙŠ Ø¥Ù‡Ù…Ø§Ù„Ù‡Ø§ Ø£Ùˆ Ø¥ÙØ³Ø§Ø¯Ù‡Ø§. ÙƒÙ…Ø§ Ø£Ù† Ø§Ù„Ø¸Ù„Ù… Ø§Ù„Ø°ÙŠ ÙŠÙÙ…Ø§Ø±Ø³ Ø¹Ù„Ù‰ Ø§Ù„Ø¶Ø¹ÙØ§Ø¡ØŒ Ù…Ø«Ù„ Ø§Ù„Ø£Ø·ÙØ§Ù„ ÙˆØ§Ù„Ù†Ø³Ø§Ø¡ØŒ Ù‡Ùˆ Ø¸Ù„Ù… ÙƒØ¨ÙŠØ± Ø£ÙŠØ¶Ù‹Ø§
"
"FR","la maladie, la mort d'un enfant"
"JA","ãŠé‡‘ãŒã‚ã‚‹äººãŒå¾—ã‚’ã™ã‚‹ã“ã¨ã€‚"
"EN","My main concern is how to get by day by day thrive in this inflation"
"EN","I wish I lived on a small farm and make it self sufficient so I don't have to deal with people."
"AR","Ø§Ù† Ø§ØµØ¨Ø­ Ù…Ù„ÙŠÙˆÙ†ÙŠØ±"
"AR","ÙƒÙŠÙ Ø£ØµØ¨Ø­ Ù…Ù„ÙŠÙˆÙ†ÙŠØ±"
"JA","ç‰©ä¾¡é«˜å¯¾ç­–"
"EN","Land owner's rights are something that gets overlooked. Local and state governments raise taxes on homeowners and you could lose the land even if you have paid it off but have back taxes."
"EN","Nothing special"
"AR","Ø§Ù† ÙŠØµØ¨Ø­ Ø¹Ù†Ø¯ÙŠ Ù…Ù†Ø²Ù„ ÙƒØ¨ÙŠØ± Ù…ÙƒÙˆØ« Ù…Ù† Ø«Ù„Ø§Ù„ Ø·ÙˆØ§Ø¨Ù‚"
"EN",
"PL","WiÄ™ksze kary za znÄ™canie siÄ™ nad zwierzÄ™tami"
"ES","El comportamiento de los humanos entre si"
"DE","Hohe Steuern im Namen des Umweltschutz"
"EN","Prices of everything is to high"
"JA","ä¸–ä»£é–“æ ¼å·®"
"EN","My main concern is how US economy will go next"
"AR","Ø¸Ù„Ù… Ø§Ù„Ù†ÙØ³"
"EN","A happy healthy life"
"IT","Molta ricchezza in mano a pochi"
"EN","à¦•à§‹à¦°à¦†à¦¨ à¦¤à§‡à¦²à¦¾à¦“à¦¯à¦¼à¦¾à¦¤"
"IT","Salute"
"JA","ä½æ‰€å¾—è€…ã«ã‚‚å¹³ç­‰ã«è² æ‹…ã•ã›ã‚‰ã‚Œã‚‹æ¶ˆè²»ç¨"
"JA","ãªã„"
"FR","J'ai peur des risques qui se produiront en raison de la pollution de l'environnement

"
"FR","...."
"JA","æ„Ÿã˜ãŸã“ã¨ã¯ç„¡ã„"
"EN","I don't have any concerns, things are going great."
"JA","ãƒˆãƒ©ãƒ³ãƒ—é–¢ç¨"
"EN","pollution and environment."
"JA","ç‰¹ã«ãªã—"
"EN","My needs & wishes are to live my life to the fullest but to do so money is needed and someone great by my side."
"EN","Inflation 
"
"AR","Ø§Ù„ØªØ¹Ù„ÙŠÙ…"
"EN","Immigration causing too many problems"
"JA","ç‰¹ã«ãªã—"
"JA","ç¾å‘³ã—ãã¦æ „é¤Šã®ã‚ã‚‹é£Ÿã¹ç‰©ã‚’é£Ÿã¹ãŸã„æ™‚ã«é£Ÿã¹ã‚Œãªã„äººãŒã„ã‚‹ã“ã¨"
"IT","INFLAZIONE"
"FR","la musique"
"DE",
"PL","Inflacja"
"EN","To own my home"
"EN","I can't think of anything right now."
"FR","la pauvretÃ©"
"EN","to have enough money to retire comfortably."
"JA","æ”¿æ²»ã®å•é¡Œ"
"JA","ç‰©ä¾¡é«˜ã¨ç±³ã®ä¾¡æ ¼ã®é«˜é¨°"
"EN","Other sources"
"EN","living how i want"
"IT","Niente in particolare"
"IT","le guerre nel mondo, le scelte economiche assurde che sta compiendo il presidente Usa che non sa quello che fa. Persona instabile che compie gesti senza capirne le conseguenze."
"FR","virer Macron"
"EN","the effects of climate change"
"JA","ã€"
"ES","Los derechos de los delincuentes"
"JA",
"AR","Ø¹Ø¯Ù… ÙˆØ¬ÙˆØ¯ Ø¹Ù…Ù„"
"PL","nierÃ³wnoÅ›Ä‡ w posiadaniu pieniÄ™dzy"
"DE","Hohe Lebenskosten durch Miete und Krankenkasse"
"JA","éŸ“å›½äººã®å„ªé‡"
"EN","Trump impeachment"
"IT","non ce n'Ã¨ solo una , ma direi ogni tipo di discriminazione partendo da quella razziale."
"JA","ä»•äº‹"
"EN","Criminals getting very light sentences.
Under 18s not receiving punishments for crimes
"
"EN","My financial situation is alarming"
"EN","I have few needs as I am very lucky that most of my needs are met. My hopes are for my family. Specifically for my Grandchildren. I hope they will have happy lives"
"EN","Buying home and a car"
"DE","Gleichberechtigung"
"FR","Le diplÃ´me"
"EN","To help my wife thru her cancer"
"AR","ØªØ§Ù…ÙŠÙ† Ø­ÙŠØ§ØªÙŠ Ø§Ù„Ù…Ø³ØªÙ‚Ø¨Ù„Ù‡ Ù…Ù‡Ù†ÙŠØ§ Ùˆ Ø¹Ø§Ø¡Ù„ÙŠØ§"
"PL","Nic"
"DE","Die Missachtung von Menschen,Tieren,der Natur; die WÃ¼rdelosigkeit gegen-Ã¼ber ""anderer"" Mitmenschen, bes. ""farbiger"".
Allgemein: Missachtung der Menschenrechte."
"AR","Ø§Ù„ØªÙ†Ù…Ø± ÙˆØ¹Ø¯Ù… Ø§Ù„Ù…Ø³Ø§ÙˆØ§Ù‡ ÙˆØ§Ø­ØªØ±Ø§Ù… Ø§Ù„Ø§Ø®Ø±"
"FR",
"EN","lack of respect in politics"
"JA","ã‚ã‹ã‚‰ãªã„"
"EN","My own job"
"EN","Politicians who don't lie..and do as they promised brfore being elected !!!!"
"EN","The greatest Injustice currently is the removal of the DEI program. I am a runner and push disabled people in a special wheelchair and to have this program be cut and or eliminated is a major Injustice to them."
"JA","å­ä¾›ã®æ ¼å·®"
"EN","Poor Government 
Putting scroungers ahead of paid up members of society 
Energy costs
Too many crossings of the Channel 
Law and order
"
"EN","I need a house an a vehicle"
"PL","Zdrowie i pokÃ³j na swiecie"
"ES",
"FR","la wokisation de la sociÃ©tÃ©: on n'a plus le droit de ne rien dire, de ne rien faire, et les minoritÃ©s ennuient la majoritÃ©... Ã§a devient presque anormal d'Ãªtre maintenant dans la majoritÃ©"
"EN","Cost of living, higher position at work, vacation with family, maintainence on my motorcycle and car."
"EN","taxes are very important to me right now everything is so expensive and I believe it is being pushed under the table and being neglected"
"EN","A government refusing to do what the whole country knows they should do but refusing to do  anything despite what the ordinary people say"
"ES","Que mi hija triunfe en sus estudios y consiga haces una carrera universitaria que le haga disfrutar de su trabajo en el futuro."
"EN","I have many needs and wishes one of the is to get a good job"
"EN","Corruption"
"AR","Ø§Ù„Ø®ÙŠØ§Ù†Ù‡"
"JA","ç‰©ä¾¡é«˜"
"ES","Sanidad"
"EN","Womenâ€™s rights"
"EN","Issues around Taxes and immigration"
"JA","è‡ªè»¢è»Šã®æ­©é“èµ°è¡Œã«ã‚ˆã‚‹å±é™ºæ€§"
"EN","I need a place to live"
"DE","Dass die Generationen von morgen unser schlechtes Handeln von heute ertragen muss..."
"IT","certezza nel futuro"
"FR","Comment pouvons-nous mieux intÃ©grer les personnes Ã¢gÃ©es dans la vie sociale plutÃ´t que de les isoler dans des institutions ?"
"JA","ç”·å°Šå¥³å‘ãŒæœªã ã«ã‚ã‚‹"
"EN","No. the public has covered all of my issues."
"EN","Cannot think of any."
"FR","Je ne sais pas"
"IT","Il caro vita, l'aumento incontrollato di tutto"
"FR","Prestations versÃ©es Ã  des Ã©trangers qui nâ€™ont jamais cotisÃ©s !!!!"
"JA","ãªã—"
"EN","nothing comes to mind"
"FR","'- Le bouleversement climatique et ses consÃ©quences terribles 
- la guerre et Ukraine et ses consÃ©quences mondiales...
- le fou de trump aux commandes de la plus grosse puissance mondiale, alliÃ© a Musk et Poutine (?)
- le conflit commercial des taxes entre la Chine et les USA..."
"DE","Ich muss in der Lage sein, mir und meinen Familienmitgliedern eine gute Zukunft zu sichern"
"EN","my needs / wishes are to have a romantic partner in life"
"EN","Economy"
"JA","æ°·æ²³æœŸä¸–ä»£ãŒä¸–ã‹ã‚‰å—ã‘ã¦ããŸç§ã®å¾…é‡
åŸºæœ¬çµ¦ã®ä½ã•ã¨ã‚¢ãƒƒãƒ—ãªã—ã€‚å­ãŒå„éƒ¨é–€ã‚’å’æ¥­å¾Œã®æ”¯æ´(ç„¡å„ŸåŒ–ã‚„ç”£å¾Œä¸€æ™‚é‡‘)ã€‚
ç¤¾ä¼šã«å‡ºã¦ã‹ã‚‰ã®ç¨ã®ä¸Šæ˜‡ã¨ä»Šå¾Œã¯å¹´é‡‘ã‚‚ã‚‰ã†å´ã«ãªã£ãŸã‚‰æ”¯çµ¦æ¸›é¡ã€‚è‡ªèº«ã®åŠªåŠ›ã§å¹´åã‚’ä¸Šã’ãŸãŒæ”¯æ´ã«ã¯å¹´ååˆ¶é™ã€‚å¼•é€€ã—ãŸä¸–ä»£ã®æ±šç‚¹ã§ã‚ã‚‹æ°·æ²³æœŸä¸–ä»£ãŒå›½ã«ã¨ã£ã¦é‚ªé­”ã‹ã®ã‚ˆã†ãªæ‰±ã„ã€‚"
"EN","I need a little of everything these days, my only wish is for my family to be safe."
"AR","Ø§Ù† Ø£Ø­Ù‚Ù‚ ÙƒÙ„ Ø·Ù…ÙˆØ­ÙŠ ÙˆØ§Ù† ÙŠÙƒÙˆÙ† Ù…Ø³ØªÙ‚Ø¨Ù„ Ø§ÙˆÙ„Ø§Ø¯ÙŠ Ø²Ø§Ù‡Ø±Ø§"
"ES","Ninguna"
"ES","La inflaciÃ³n de los precios y la delincuencia"
"ES","Aumento de los precios de bienes y servicios"
"DE","Das unsere Alteren BÃ¼rger nicht das bekommen was Ihnen zusteht, wenn sie eine zu kleine Rente haben"
"JA","é ‘å¼µã‚‰ãªã„äººã«ã‚‚æ”¯æ´ã°ã‹ã‚Šã—ã¦ã„ã‚‹ã“ã¨ã€‚"
"EN","I want to be able to live comfortably in retirement and find a new partner"
"IT",
"EN","THE ENVIRONMENT!!!! Literally nothing else matters if we don't have a planet to live on. There's billions, trillions, spent on space exploration instead of taking that money and repairing the damage we have done to mother earth. She's pissed. And she's been fighting back. Tornadoes, hurricanes, tsunamis, floods, fires. She is way bigger, badder and madder than we are, and she's about to show us how powerful she really is"
"EN","Healthy"
"EN","Take your rights"
"EN","the heat has been killing me tecently"
"IT","Tutto"
"EN","Trump getting away with his crimes"
"EN","social security, economy"
"EN","Racial injustice"
"JA","æ”¿æ²»"
"EN","I wish I could just live a less stressful life"
"DE","soziale unterschiede"
"JA","æ©Ÿä¼šã®ä¸å…¬å¹³ã€æ•™è‚²æ¥­ç•Œã‹ã‚‰ä»–æ¥­ç¨®ã¸æŠœã‘å‡ºã›ãªã„ã€‚"
"EN","To have less restrictions and more freedom"
"JA","ç‰¹ã«æ€ã„ã¤ã‹ãªã„"
"AR","Ø£ÙƒØ¨Ø± Ø¸Ù„Ù… Ù‡Ùˆ Ø¹Ø¯Ù… Ø§Ù„Ù‚Ø¯Ø±Ø© Ø¹ÙÙ‰ Ø§Ù„Ø¯ÙØ§Ø¹ Ø¹Ù† Ù†ÙØ³Ùƒ Ø§Ùˆ Ø¹Ù† Ù…Ø§ ÙŠÙ‡ØµÙƒ"
"IT","Stipendio di almeno 2000â‚¬"
"JA","ãƒã‚±ãƒã‚±"
"JA","æŠ•è³‡"
"EN","Homelessness"
"EN","Inflation - the cost of everything I buy such as food, gas and merchandise and my monthly bills are all getting expensive, especially my auto and home insurance.  I am retired and on a fixed income, but because I am paying so much for everything, I can barely save any money for any type of emergency."
"DE","Gesundheitswesen"
"EN","taxes,illegals and social security"
"EN","Cost of living
NHS"
"EN","Littering"
"FR","La disparition inÃ©luctable de la faune"
"EN","What fresh new hell is Trump going to drag us down into?"
"EN","the election of Donald Trump"
"IT","avrei bisogno di tanti soldi per viaggiare"
"JA","è‡ªåˆ†ã®åŠ›ã§æœ€æœŸã¾ã§ç”ŸããŸã„ã€‚"
"DE","Steuerhinterziehung der Reichen.
Zu grosser Unterschied Rente - Pension
Zu hohe Mieten
Zuviele Kriminelle auf freien FuÃŸ
Altersarmut 
Arbeit muss sich lohnen"
"EN","Government corruption"
"EN","The fact that Most People that elected Trump for President are the very ones he is targeting."
"EN","Economy"
"FR","facilitÃ© d'accÃ¨s aux soins mÃ©dicaux, plus de sÃ©curitÃ© dans endroits publics, moins de pauvretÃ©, une justice plus Ã©nergique"
"EN","Immigrants being sent back without a trial"
"FR","La justice Ã  plusieurs facettes"
"EN","Where does all the tax money go?  There should be so much getting accomplished by all the taxes collected!!"
"ES","nada"
"EN","Reducing 3rd world immigration, nationalisation of key industries like transportation and utilities, electricity. Clamping down on welfare fraud and re-joining the EU"
"EN","To leave a positive legacy."
"FR","une nouvelle voiture - une maison plus grande au bord de la mer - une santÃ© un peu meilleure - stopper l'age pour profiter de la vie - voir plus souvent mon fils et mes petits enfants"
"DE","Gesundheit und Frieden"
"DE","Zu viele FlÃ¼chtlinge die unterstÃ¼tzt werden"
"AR","Ø§Ù„Ø§Ù…Ø±Ø§Ø¶ Ø§Ù„Ù†ÙØ³ÙŠØ© Ø¨ÙŠÙ† Ø§Ù„Ù†Ø§Ø³"
"ES","No caer ni en el consumismo social en el que vivimos y tener libertad de pensamiento"
"JA","ç‰©ä¾¡ä¸Šæ˜‡"
"AR","Ø§Ù„Ø§Ø³ØªÙ‚Ø±Ø§Ø± Ø§Ù„Ù…Ø§Ø¯ÙŠ ÙˆØ§Ù„ØµØ­Ù‡ ÙˆØ§Ù„Ø¹Ø§ÙÙŠÙ‡"
"JA","æ—¥æœ¬äººã‚ˆã‚Šã‚‚å¤–å›½æ”¯æ´ã‚„å¤–å›½äººã«å¯¾ã™ã‚‹æ”¯æ´ã®æ©æµãŒå¤§ãã„å‡¦ã€‚"
"DE","Bildung"
"EN","Healthy, financially sufficient, debt free and Happy and Enjoying Life with Family and Friends ğŸ§¡"
"FR","trump
l'environnement
la politique franÃ§aise"
"ES","La corrupciÃ³n"
"IT","stipendi bassi italiani"
"AR","Ø§Ù„Ø¹Ø§Ø¨ Ø§Ù„ÙÙŠØ¯ÙŠÙˆ Ù…Ø´Ø§Ù‡Ø¯Ø© Ø§Ù„Ø§ÙÙ„Ø§Ù… ÙˆØ§Ù„Ù…Ø³Ù„Ø³Ù„Ù„Ø§Øª Ø§Ù„Ø§Ø³ØªÙ…Ø§Ø¹ Ù„Ù„Ù…ÙˆØ³ÙŠÙ‚Ù‰"
"EN","I'm sorry I canl put into words the greatest injustice."
"DE","Kriege"
"EN","Rising retirement ages"
"EN","not deporting illegal people, giving them ss, housing, etc free"
"JA","ç‰©ä¾¡é«˜ãŒç¶šã„ã¦ã„ã‚‹ã“ã¨"
"EN","The price rise of everything"
"EN","No comment"
"JA","åŒ»ç™‚åˆ¶åº¦ã®å¹³ç­‰ã€‚ç‰¹ã«é«˜é¡åŒ»ç™‚åˆ¶åº¦ã¯å¿…è¦ã§ã‚ã‚‹ã€‚
å¤§ããè¨€ãˆã°è³ƒéŠ€æ ¼å·®ã¯é‡è¦èª²é¡Œã€‚"
"DE","VermÃ¶gensaufbau und Eigentumserwerb sehr schwer, Rente nicht sicher"
"DE","Ich muss weiterarbeiten und sparen, um meine Ziele zu erreichen"
"ES","Ok a vivienda en alquileres"
"EN","Need money to build my own house"
"JA","ç‰¹ã«ãªã„"
"EN","Wish to be debt free, travel to many places and live in peace"
"DE","nÃ¶"
"AR","Ù†Ø¹Ù…"
"EN","Peace, poverty, homeless, uncertainty"
"PL","Nie"
"EN","I don't know yet"
"IT","Di una casa piÃ¹ grande con una stanza per i miei figli e un po piÃ¹ di soldi al mese. Non molti,ma quanto bastano per non arrivare sempre strozzati"
"PL","programy spoÅ‚eczne"
"JA","å¥åº·"
"JA","å…¨ã¦å…¬å¹³ãªã©ä¸€ã¤ã‚‚ãªããã‚ŒãŒå½“ç„¶"
"IT","Immigrazione eccessiva"
"ES","Vivienda, guerra, cÃ¡ncer, educaciÃ³n"
"EN","The war"
"FR","Trouver du travail dans les prochains jours pour avoir un salaire dans les prochains et ne pas Ãªtre en galÃ¨re financiÃ¨re.
Et l'organisation de mon mariage"
"JA","ãŠã‹ã­ã‚‚ã¡ã«ãªã‚‹ã“ã¨"
"ES","El cambio del cÃ³digo civil y penal"
"JA","ãŠé‡‘"
"EN","scheduling a vacation"
"JA","ç‰¹ã«ãªã—"
"DE","Gesundheitssystem"
"ES","Salud mental y cuidadores de personas mayores"
"EN","Too many to identify the greatest"
"AR","Ø§Ù„Ø«Ø±Ø§Ø¡"
"EN","Illegal immigration and liberal disobedience and violence"
"EN","the denial of human dignity â€” when people are stripped of freedom, rights, or wort"
"EN","The relevance of traditional wife"
"PL","pieniÄ…dze na budowÄ™ domu,, dom nadziaÅ‚ce"
"EN","To live a happy long life."
"IT","Il potere che dÃ  il denaro per essere insensibili"
"EN","My main concerns are finances."
"AR","Ø§ÙƒÙˆÙ† ØµØ§Ø­Ø¨ Ø´Ø±ÙƒØ©"
"JA","å¹³å’Œ"
"PL","PodwyÅ¼ki cen i niska emerytura"
"ES","Un poco mÃ¡s de salud, y un poquito mÃ¡s de dinero, pero con mÃ¡s salud me conformo, para las personas que quiero y para mi tambiÃ©n"
"EN","Being wrongly convicted of a crime or racial injustice."
"EN","Waiting for gta 6 to come out so I can finally play it already"
"JA","å¢—ç¨ã—ãªã„"
"PL","Nie mam Å¼adnego problemu"
"FR","Je sais pas"
"EN","Child abuse"
"EN","The safety of our democracy with Trump attempting to lead the country."
"EN","To feel love from my family"
"PL","zmiany klimatyczne"
"EN","Having the rich pay their fair share so things donâ€™t increase for the middle class"
"DE",
"EN","Animals being abused and people that abuse them are not punished and suffer no consequences!!!"
"ES","Perdida de calidad de vida global"
"DE","finanzielle Gleichstellung von Ehepaaren in Sachen Renten und Steuern"
"JA","é¸æŠçš„å¤«å©¦åˆ¥å§“ã€åŒæ€§å©š"
"EN","Freedom of speech"
"JA","æˆæ¥­æ–™æœ‰æ–™åŒ–ï¼ˆç„¡å„ŸåŒ–ã§ã¯ãªãï¼‰"
"EN","Saudi society is experiencing a collision between modernisation and traditional culture, and I am particularly concerned about whether these changes will affect our traditional values. The question of how to adapt to the pace of modernisation while maintaining family and social responsibilities is one that I think about from time to time."
"EN","Having billionaires that donâ€™t know how to spend their money and also having people starving"
"EN","The abuse of Mother Earth"
"DE","Meine Gesundheit"
"EN","I don't know...."
"EN","Need a woman thats down to ride it out and watch some games with me"
"EN","health"
"ES","La inestabilidad internacional."
"EN","all the issues I think are important are being addressed"
"FR","De rien"
"DE","Die Bevormundung in Deutschland wie in Nordkorea"
"IT","la non inclusivitÃ  di genere"
"DE","keine Gleichheit"
"FR","Menace russe"
"EN","Bathroom"
"JA","æŠ•è³‡"
"EN","Health and happiness"
"EN","Everything is so expensive groceries gas bills itâ€™s hard to live"
"JA","æ®ºå‚·äº‹ä»¶"
"EN","Poverty, starvation, abuse of animals and humans"
"FR","Vendre ma maison !! pour voyager"
"FR","la gauche au pouvoir, plus d'extrÃªme droite"
"AR","Ù‚Ø¶ÙŠØ© Ø§Ù„Ø¥Ù†Ø¬Ø§Ø¨ ÙˆØªØ£Ø®Ø± Ø§Ù„Ø­Ù…Ù„"
"EN","Everything that is going on today in society.."
"JA","è‚²å…ã€æ•™è‚²è³‡é‡‘"
"JA",
"EN","Convicting Democrats who don't follow the law."
"FR","De la tranquillitÃ©"
"EN","My needs would be to stay healthy. I wish to have a good life and get a job."
"IT","SerenitÃ  e poter viaggiare senza guardare al centesimo"
"EN","To live comfortably"
"JA","çŒ«"
"EN","How much damage the republican party has done to the country"
"ES","El acceso a la vivienda. El avance del fascismo. La corrupciÃ³n."
"DE","Ich wÃ¼nsche mir dass Politiker den Klimawandel ernster nehmen und endlich ihre Versprechen einhalten. Ich wÃ¼rde mir wÃ¼nschen, dass die Menschen, die es brauchen, genug finanzielle Hilfe bekommen und das die super reichen meher Geld spenden mÃ¼ssen um das VermÃ¶gen gerechter aufzuteilen"
"FR","La pauvretÃ©"
"JA","ä¸æ­£ãŒè¨±ã•ã‚Œã‚‹ä¸–ã®ä¸­"
"AR","Ddffff FB Jeff Jeff f as ur BC get kids g teen Ty TV kid has more he FS BBS ha Gâ€™s"
"EN","To have my country back to what it once was!"
"DE","Zu hohes BÃ¼rgergeld im Vergleich zum Einkommen"
"JA","å¹´é‡‘é¡ã®å‘ä¸Š"
"JA","æ¸›ç¨ã€å¹´é‡‘UPã€SDï½‡S"
"FR","DifficultÃ©s Ã  Ã©quilibrer notre budget depuis le dÃ©but de ma retraire en Janvier 2025"
"JA","ã‚ˆãã‚ã‹ã‚‰ãªã„"
"AR","Ø§Ù„ØªÙ„ÙˆØ«"
"EN","No"
"JA","ç—…æ°—ã«ãªã‚‹äººã¨å¥åº·ãªäºº"
"IT","Aumento spese mediche"
"IT","Clima, guerre"
"ES","QUE LA MORRALLA POLITICA SE LE DENIEGUE EL DERECHO A DIRIGIR LOS DESTINOS DE LOS ESPAÃ‘OLES."
"EN","Gaza"
"EN","My current wish AND need is for Donald J Trump to be removed from office."
"JA","ãªã„ã¨æ€ã†"
"JA","æ‰€å¾—ãŒé«˜ã„äººã«ã‚‚ã€æ‰€å¾—ãŒä½ã„äººã¨åŒã˜ã‚ˆã†ãªæ”¯æ´ã‚’ã™ã‚‹ã“ã¨ã€‚"
"FR","l'ascenseur social est cassÃ© en France"
"EN","Good health, wealth and happiness.  A roof over my head, food in the cupboard and clothes in the wardrobe.  A good life for my children and grandchild."
"EN","It was mentioned in the debate, but the most neglected is the economy and how many people are struggling, even though they are working. Prices are to high on basically everything."
"JA","ç¨é‡‘ä½¿ç”¨åŠå¾´åæ–¹æ³•ã€‚å›½éš›æ”¿æ²»"
"EN","Immigration especially the illegal boat crossings. 
Why hasn't electricity prices come down with all the wind turbines and solar farms?
Can you trust any government.
Too much money going overseas"
"DE","Geld"
"DE","Die Kosten"
"FR","InÃ©galitÃ© salariale, homme femme etc"
"EN","One neglected issue in public debate is the impact of misinformation and disinformation on societal trust and the integrity of democratic processes. While there's a growing awareness of the dangers of fake news, the broader implications of how easily individuals can be manipulated through manipulated narratives are often underdiscussed."
"JA","å­è‚²ã¦ã€æ•™è‚²ã«ãŠé‡‘ãŒã‹ã‹ã‚‹ã®ã§ãã®æ”¯æ´"
"EN","Second amendment"
"IT","nulla di particolare se non la guerra che mi mette molta ansia....
spero si possa risolvere tutto con l'aiuto della svizzera"
"JA","å­ä¾›ã®ä¿è‚²åœ’ã®ä¿è‚²æ–™ã«ã¤ã„ã¦"
"EN","High prices and trump being the president"
"DE","Nein"
"PL","Brak rÃ³wnoÅ›ci wÅ›rÃ³d ludzi"
"FR","l'Ã©conomie"
"EN","Immigration, homelessness, lawlessness,job prospects, security of the UK, political groups and their promises and then backtrack on them."
"EN","health issue"
"PL","Imigracja"
"EN","Providing excellent facilities for illegal immigrants using our tax money"
"IT","Trovare un lavoro che mi permetta di sopravvivere"
"FR","SÃ©curitÃ©"
"FR","La pauvretÃ©"
"EN","I can help facilitate discussions on various topics and provide information on issues that might be underrepresented in public debate"
"AR","Ø§Ù† Ø§ÙØªØ­ Ø´Ø±ÙƒØ© Ø®Ø§ØµØ© Ø¨ÙŠ"
"JA","æ–­æ¨é›¢"
"EN","Outside of food and shelter I hope for a world that stops backsliding into hate and intolerance. I hope to be a useful member of society and to have inner peace. I also hope for the mets to win a world series"
"IT","Economia e tenuta stato sociale"
"EN","Racial equality"
"EN","Having enough income."
"IT","UCCIDERE GLI INDIFESI"
"ES","Mi salud"
"PL",
"EN","Getting raped or killed"
"EN","I would like for my son to choose and be accepted at a college he will love and receive a quality education.  I would love to not go broke to help him with that."
"EN","Emotional support and financial assistance"
"EN","To have a stable economy and not be stressed about money"
"JA","ãŠé‡‘ã®é…å½“ã€‚"
"DE","Meinungsfreiheit ist nicht mehr erwÃ¼nscht, man will einen Mundtot machen. Opfer(Kinder/Erwachsene) werden als TÃ¤ter behandelt und das geht absolut nicht."
"JA","ä½•äº‹ã‚‚ãªãå¹³ç©ã«æš®ã‚‰ã›ã‚‹ã“ã¨ã€‚"
"EN","I expect to be the owner of a private company in the future."
"JA","ãƒ€ã‚¤ã‚¨ãƒƒãƒˆ"
"DE","zuwanderer,kriminalitÃ¤t"
"JA","ç‰©ä¾¡é«˜"
"AR","Ù„Ø§ÙŠÙˆØ¬Ø¯"
"EN","All of the riots going on. There's another way to peacefully protest"
"EN","none to speak of"
"ES","Tener  una economia desahogada en mi hogar"
"AR","Ø§Ù„ØªØ¹Ù„ÙŠÙ… Ø§Ù„ØµØ­Ø© Ø§Ù„Ù…Ø¹Ø§Ø´"
"EN","Illegal Immigration"
"EN","To sing, help people, and build a happy life"
"EN","Child and animal cruelty"
"EN","Security from foreign nations"
"JA","ç‰¹ã«ãªã„"
"JA","ãƒˆãƒ©ãƒ³ãƒ—é–¢ç¨ã®å½±éŸ¿ã€ã‚¦ã‚¯ãƒ©ã‚¤ãƒŠæˆ¦äº‰ã®è¡Œæ–¹ã€ã‚¬ã‚¶ä¾µæ”»ã®ä»Šå¾Œ"
"PL","MieÄ‡ wiÄ™cej pieniÄ™dzy i wyjechaÄ‡ zwiedziÄ‡ Australie"
"EN","Happiness for my family"
"EN","To purchase my own home."
"EN","Trumps tariffs"
"EN","The cost of inflation"
"FR","opprimer le droit d'expression Ã  une personne"
"JA","å¤§é˜ªé–¢è¥¿ä¸‡åšã®ãƒœãƒ©ãƒ³ãƒ†ã‚£ã‚¢ã«å‚åŠ ã—ã¦ãŠã‚Šï½¤ä¸‡åšã‚’ã‚µãƒãƒ¼ãƒˆã™ã‚‹ã¨ã¨ã‚‚ã«è‡ªåˆ†ã¨ã—ã¦ã‚³ãƒŸãƒ¥ãƒ‹ãƒ†ã‚£ï½¥å›½å†…ï½¥æµ·å¤–ã®å¤šãã®æ–¹ã¨äº¤æµã™ã‚‹ã“ã¨"
"DE","Gleich Berechtigung"
"EN","This is a vague question, and I wouldn't be able to fit all of them into a single paragraph."
"EN","I dont have any needs, my wishes are to be happy and healthy"
"EN","Basic human decency towards everyone."
"EN","I just need to live long to enjoy my money"
"PL","Zdrowie mojego partnera"
"ES",
"EN","Is issues involving animals are very important to me"
"IT","La povertÃ "
"IT",
"EN","Not being able to live your life the way you want"
"EN","The hot weather"
"EN","Doing more for seniors. SS alone isnâ€™t enough and they have to pay for Medicare and medical expenses on top of their Medicare premiums. Then those who own a house have to pay high property taxes or lose their home."
"DE","dass sich die Politiker auf unsere Kosten vollfressen"
"ES","La inmigracion, mi futuro y la economia"
"EN","Biden getting away with his  term"
"EN","When people you care about dont put your best interest at heart"
"IT","la sanita' e i cambiamenti climatici"
"EN","Donald trump"
"EN","Right now it's the stock market"
"FR","Les gens sans ressources"
"DE","Wirtschaftskrise"
"EN","Homelessness in my opinion."
"EN","taxes adn economy"
"DE",
"JA","ç‰©ä¾¡é«˜å•é¡Œ"
"JA","è²§å¯Œã®å·®"
"EN","Reusing things"
"FR","Le changement climatique"
"FR","Avoir plus dâ€™argent et plus de temps personnel"
"PL","zdrowie
"
"EN","Justice system"
"JA",
"DE","Nein"
"FR","il faudrait que les aides sociales soient pour tous et pas centrÃ© majoritairement sur les personnes sans emploi."
"IT","Il fatto che giÃ  alla nascita per molti bambini le probabilitÃ  di successo sono quasi nulle, dato il contesto socio-economico in cui vengono al mondo"
"JA","ãªã„"
"AR","Ø§Ù„Ø¹Ù„Ù…"
"EN","hurting people who are innocent"
"JA","ç’°å¢ƒä¿è­·ã€‚"
"EN","Great jjg"
"JA","æ¨ã—ã®ã“ã¨ã§é ­ã„ã£ã±ã„"
"DE","Rechtsruck & Bedrohung der Frauenrechte"
"FR","Le gouvernement n'est pas vraiment juste.
"
"JA","ç‰¹ã«ãªã—"
"EN","Food water air & love"
"EN","Racial inequality"
"JA","ç‰¹ã«ãªã—"
"EN","The cost of living and the available jobs"
"DE","Das unschuldige Menschen mit in den Krieg gezogen werden"
"PL","Nie"
"JA","æ”¿æ²»"
"ES","continuar con mi buena salud y tener un poco de suerte en los juegos de azar"
"AR","Ø§ÙØªØªØ§Ø­ Ø´Ø±ÙƒÙ‡"
"DE","Starke Einwanderung und KriminalitÃ¤t"
"EN","None"
"IT","il gender gap e l'immigrazione non regolamentata"
"EN","To live as long as possible in reasonable health"
"FR","L'immigration"
"ES","El Hambre y la Guerra."
"EN","Climate change"
"EN","Covid 19"
"EN","I believe that most issues have been addressed so far"
"AR","Ø§Ø±ÙŠØ¯ Ø§Ù† Ø§Ø¬Ù…Ø¹ Ø§Ù„Ù…Ø§Ù„ Ù„ÙƒÙŠ Ø§Ø­Ø³Ù† Ù…Ù† Ø­ÙŠØ§ØªÙŠ"
"EN","Everything"
"EN","Uncovering the corruption of Joe Biden &  his family, epecially his son."
"EN","inflation"
"EN","NHS appointments."
"EN","The safety of the US, prices on common items needed, the president and majority of the decisions he has been making since in office."
