|FR|DE|IT|PL|ES-ES|EN-GB|CH|JA|RU|EN-SA|AR|EN|FR-CH|DE-CH|IT-CH|ES-US|stop
period|month|month|month|month|month|year|year|year|month|month|month|year|year|year|year|year|
period_custom|12|12|12|12|12|1|1|10000|12|12|12|1|1|1|1|1|
now_10k|1000|1000|1000|3000|1000|10000|10000|150|30000|3000|3000|10000|10000|10000|10000|10000|
now_40k|3000|3000|3000|12000|3000|30000|50000|600|60000|12000|12000|40000|50000|50000|50000|40000|
now_60k|5000|5000|5000|20000|5000|50000|70000|1000|100000|20000|20000|60000|70000|70000|70000|60000|
now_100k|10000|10000|10000|50000|10000|100000|100000|1500|300000|50000|50000|100000|100000|100000|100000|100000|
unit|1.07991361|1.07991361|1.07991361|0.25839793|1.07991361|1.29366106|1.11607143|0.00671141|0.0118624|0.26666667|0.26666667|1|1.11607143|1.11607143|1.11607143|1|
text_unit|€/mois|€/Monat|€/mese|PLN/miesiąc|€/mes|£/year|CHF/year|万円／年|руб./месяц|SAR/month|ريال سعودي/شهر|$/year|CHF/an|CHF/Jahr|CHF/anno|$/año|
text_current|Revenu actuel|Aktuelles Einkommen|Reddito corrente|Dochód bieżący|Ingresos corrientes|Current income|Current income|再分配前の所得|Текущие доходы|Current income|الدخل الحالي|Current income|Revenu actuel|Aktuelles Einkommen|Reddito corrente|Ingresos corrientes|
text_after|Revenu après la redistribution mondiale|Einkommen nach globaler Umverteilung|Reddito a seguito della redistribuzione globale|Dochód po globalnej redystrybucji|Ingresos después de la redistribución global|Income after global redistribution|Income after global redistribution|世界再分配後の所得|Доход после глобального перераспределения|Income after global redistribution|الدخل بعد إعادة التوزيع العالمي|Income after global redistribution|Revenu après la redistribution mondiale|Einkommen nach globaler Umverteilung|Reddito a seguito della redistribuzione globale|Ingresos después de la redistribución global|
text_title|Revenu (après impôts et transferts) des adultes humains, du plus pauvre au plus riche|Einkommen (nach Steuern und Transfers/Sozialleistungen/Umverteilung) erwachsener Personen, vom Ärmsten bis zum Reichsten|Reddito (al netto di tasse e trasferimenti) degli individui adulti, dai più poveri ai più ricchi|Dochód (po odliczeniu podatków i składek) dorosłych ludzi, od najbiedniejszych do najbogatszych|Renta (después de impuestos y transferencias) de las personas adultas, de las más pobres a las más ricas|Income (after taxes and transfers) of adult individuals, from the poorest to the richest|Income (after taxes and transfers) of human adults, from the poorest to the richest|成人の所得（税引き後および移転後）（最貧困層から最富裕層まで|Доход (после уплаты налогов и трансфертов) взрослых людей, от самых бедных до самых богатых|Income (after taxes and transfers) of adult individuals, from the poorest to the richest|الدخل (بعد خصم الضرائب والتحويلات) للبالغين من البشر، من الأفقر إلى الأغنى|Income (after taxes and transfers) of adult individuals, from the poorest to the richest|Revenu (après impôts et transferts) des adultes humains, du plus pauvre au plus riche|Einkommen (nach Steuern und Transfers/Sozialleistungen/Umverteilung) erwachsener Personen, vom Ärmsten bis zum Reichsten|Reddito (al netto di tasse e trasferimenti) degli individui adulti, dai più poveri ai più ricchi|Renta (después de impuestos y transferencias) de las personas adultas, de las más pobres a las más ricas|
text_title_x|Humains, du plus pauvre au plus riche|Menschen, vom Ärmsten bis zum Reichsten|Esseri umani, dai più poveri ai più ricchi|Ludzi, od najbiedniejszych do najbogatszych|Seres humanos, del más pobre al más rico|Humans, from poorest to richest|Humans, from poorest to richest|貧乏人から金持ちまでの人間|Люди, от самых бедных до самых богатых.|Humans, from poorest to richest|الأشخاص، من الأفقر إلى الأغنى|Humans, from poorest to richest|Humains, du plus pauvre au plus riche|Menschen, vom Ärmsten bis zum Reichsten|Esseri umani, dai più poveri ai più ricchi|Seres humanos, del más pobre al más rico|
text_title_y|Revenu (€/mois, après impôts et transferts)|Einkommen (€/Monat, nach Steuern und Sozialleistungen)|Reddito (€/mese, al netto di tasse e trasferimenti)|Dochód (PLN/miesiąc, po odliczeniu podatków i składek)|Renta (€/mes, después de impuestos y transferencias|Income (£/year, after taxes and transfers)|Income (CHF/year, after taxes and transfers)|所得（万円／年, 税引き後および移転後）|Доход (руб./месяц, после уплаты налогов и трансфертов)|Income (SAR/year, after taxes and transfers)|الدخل ( ريال/شهر، بعد خصم الضرائب والتحويلات)|Income ($/year, after taxes and transfers)|Revenu (CHF/an, après impôts et transferts)|Einkommen (CHF/Jahr, nach Steuern und Sozialleistungen)|Reddito (CHF/anno, al netto di tasse e trasferimenti)|Renta ($/año, después de impuestos y transferencias)|
text_benefit|Proportion de gagnants|Anteil der Begünstigten:|Percentuale dei vincitori:|Kto skorzysta:|Proporción de ganadores|Proportion of winners:|Proportion of winners:|受益者のシェア：|Делитесь, кому выгодно:|Proportion of winners:|نسبة المستفيدين:|Proportion of winners:|Proportion de gagnants|Anteil der Begünstigten:|Percentuale dei vincitori:|Comparte quién se beneficia:|
text_lose|Proportion de perdants|Anteil der Benachteiligten:|Percentuale dei perdenti:|Kto straci:|Proporción de perdedores|Proportion of losers:|Proportion of losers:|負担者のシェア：|Делитесь, кто проиграл:|Proportion of losers:|نسبة المتضررين:|Proportion of losers:|Proportion de perdants|Anteil der Benachteiligten:|Percentuale dei perdenti:|Compartir quién pierde:|
text_degree|Degré de redistribution&nbsp;:|Grad der Umverteilung:|Grado di ridistribuzione:|Stopień redystrybucji:|Grado de redistribución:|Degree of redistribution:|Degree of redistribution:|再配分の程度：|Степень перераспределения:|Degree of redistribution:|درجة إعادة التوزيع:|Degree of redistribution:|Degré de redistribution&nbsp;:|Grad der Umverteilung:|Grado di ridistribuzione:|Grado de redistribución:|
median_redistr|Le graphique ci-dessous présente une proposition de redistribution des revenus à l'échelle mondiale, de la répartition actuelle des revenus, en rouge, à une nouvelle répartition, en vert. Vous trouverez ci-dessous des exemples de l'évolution des revenus après impôts après la redistribution proposée : ... Seriez-vous favorable ou opposé à cette redistribution des revenus à l'échelle mondiale ?|Die folgende Grafik zeigt einen Vorschlag zur weltweiten Umverteilung aller Einkünfte – von der aktuellen Einkommensverteilung (rot) zu einer neuen Verteilung (grün). Unten sehen Sie Beispiele dafür, wie sich die Nettoeinkünfte nach der von Ihnen vorgeschlagenen Umverteilung verändern würden: ... Würden Sie diese weltweite Einkommensumverteilung unterstützen oder ablehnen?|Il seguente grafico presenta una proposta di ridistribuzione del reddito a livello mondiale, dall'attuale distribuzione del reddito, in rosso, a una nuova distribuzione, in verde. Di seguito sono riportati alcuni esempi di come cambierebbero i redditi al netto delle imposte dopo la redistribuzione proposta: ... Sareste favorevoli o contrari a questa redistribuzione del reddito a livello mondiale?|Poniższy wykres przedstawia propozycję redystrybucji dochodów na całym świecie, od obecnego podziału dochodów (na czerwono) do nowego (na zielono). Poniżej znajdują się przykłady tego, jak zmieniłyby się dochody po opodatkowaniu po proponowanej redystrybucji: ... Czy poparłbyś lub sprzeciwiłbyś się tej ogólnoświatowej redystrybucji dochodów?|El siguiente gráfico presenta una propuesta de redistribución de la renta en todo el mundo, desde la actual distribución de la renta, en rojo, a una nueva, en verde. A continuación se muestran ejemplos de cómo cambiarían los ingresos después de impuestos tras la redistribución propuesta: ... ¿Apoyaría o se opondría a esta redistribución mundial de la renta?|The graph below presents a proposal to redistribute incomes worldwide, from the current income distribution in red, to a new proposed one in green. Below are examples of how after-tax incomes would change after the proposed redistribution: ... Would you support or oppose this worldwide income redistribution?|The graph below presents a proposal to redistribute incomes worldwide, from the current income distribution, in red, to a new one, in green. Below are examples of how after-tax incomes would change after the proposed redistribution: ... Would you support or oppose this worldwide income redistribution?|下のグラフは、世界中で所得を再分配する案を示している。現在の所得分配（赤）から、新しい所得分配（緑）へと。この世界的な所得再分配に賛成ですか、反対ですか？|На графике ниже представлено предложение о перераспределении доходов по всему миру - от нынешнего распределения доходов, выделенного красным цветом, к новому, выделенному зеленым. Ниже приведены примеры того, как изменится доход после уплаты налогов после предлагаемого перераспределения: ... Вы бы поддержали или выступили против такого перераспределения доходов по всему миру?|The graph below presents a proposal to redistribute incomes worldwide, from the current income distribution in red, to a new proposed one in green. Below are examples of how after-tax incomes would change after the proposed redistribution: ... Would you support or oppose this worldwide income redistribution?|يعرض الرسم البياني أدناه مقترحًا لإعادة توزيع الدخل في كافة أنحاء العالم، من توزيع الدخل الحالي، باللون الأحمر، إلى توزيع جديد باللون الأخضر. فيما يلي أمثلة على كيفية تغير الدخل بعد خصم الضرائب بعد إعادة التوزيع المقترحة: ... هل تؤيد أو تعارض إعادة توزيع الدخل في كافة أنحاء العالم؟|The graph below presents a proposal to redistribute incomes worldwide, from the current income distribution in red, to a new proposed one in green. Below are examples of how after-tax incomes would change after the proposed redistribution: ... Would you support or oppose this worldwide income redistribution?|Le graphique ci-dessous présente une proposition de redistribution des revenus à l'échelle mondiale, de la répartition actuelle des revenus, en rouge, à une nouvelle répartition, en vert. Vous trouverez ci-dessous des exemples de l'évolution des revenus après impôts après la redistribution proposée : ... Seriez-vous favorable ou opposé à cette redistribution des revenus à l'échelle mondiale ?|Die folgende Grafik zeigt einen Vorschlag zur weltweiten Umverteilung aller Einkünfte – von der aktuellen Einkommensverteilung (rot) zu einer neuen Verteilung (grün). Unten sehen Sie Beispiele dafür, wie sich die Nettoeinkünfte nach der von Ihnen vorgeschlagenen Umverteilung verändern würden: ... Würden Sie diese weltweite Einkommensumverteilung unterstützen oder ablehnen?|Il seguente grafico presenta una proposta di ridistribuzione del reddito a livello mondiale, dall'attuale distribuzione del reddito, in rosso, a una nuova distribuzione, in verde. Di seguito sono riportati alcuni esempi di come cambierebbero i redditi al netto delle imposte dopo la redistribuzione proposta: ... Sareste favorevoli o contrari a questa redistribuzione del reddito a livello globale?|El siguiente gráfico presenta una propuesta de redistribución de la renta en todo el mundo, desde la actual distribución de la renta, en rojo, a una nueva, en verde. A continuación se muestran ejemplos de cómo cambiarían los ingresos después de impuestos tras la redistribución propuesta: ... ¿Apoyaría o se opondría a esta redistribución mundial de la renta?|
step_major|1000|1000|1000|5000|1000|10000|10000|200|100000|5000|5000|10000|10000|10000|10000|10000|
step_minor|250|250|250|1000|250|2500|2500|50|25000|1000|1000|2500|2500|2500|2500|2500|
income_type|net|Nettoeinkommen|netto|netto|neto|gross|gross|総|чистый|gross|الإجمالي|gross|brut|Bruttoeinkommen|lordo|bruto|
income_type_long|après impôts et prestations sociales|nach Steuern und Sozialhilfe|al netto delle imposte e del Welfare|po odliczeniu podatk&oacute;w i składek|después de impuestos y prestaciones sociales|before taxes|before taxes|税引前|после уплаты налогов и трансфертов|before taxes|قبل خصم الضرائب|before taxes|avant impôts|vor Steuern|al lordo delle imposte|antes de impuestos|
periodicity_text|mensuel|monatliche|mensile|miesięczny|mensual|yearly|yearly|年間|ежемесячный|monthly|الشهري|yearly|annuel|Jährliche|annuo|anual|
national|Français|Deutsche|Italiano|Polacy|Español|British person|Swiss person|日本人|Русский народ|Saudi|المواطن السعودي|American|Suisse|Schweizer|Svizzero|estadounidense|
amount_bi|20&nbsp;€|20&nbsp;€|20&nbsp;€|85&nbsp;PLN|20&nbsp;€|£15|CHF&nbsp;20|3,000円|3&nbsp;000&nbsp;руб.|SAR&nbsp;130|130 ريال سعودي|$35|20&nbsp;CHF|20&nbsp;CHF|20&nbsp;CHF|$35|
amount_lost|15&nbsp;€|45&nbsp;€|15&nbsp;€|150&nbsp;PLN|15&nbsp;€|£20|15&nbsp;CHF|7,000円|2&nbsp;500&nbsp;руб.|SAR&nbsp;380|380 ريال سعودي|$90|15&nbsp;CHF|15&nbsp;CHF|15&nbsp;CHF|$90|
price_increase|1&nbsp;|2|1|2|1|1|1|2|2|3|3|2|1|1|1|2|
amount_expenses|35&nbsp;€|65&nbsp;€|35&nbsp;€|235&nbsp;PLN|35&nbsp;€|£35|CHF&nbsp;35|10,000円|5&nbsp;500&nbsp;руб.|SAR&nbsp;510|510 ريال سعودي|$125|35&nbsp;CHF|35&nbsp;CHF|35&nbsp;CHF|$120|
amount_lottery|100&nbsp;€|100&nbsp;€|100&nbsp;€|500&nbsp;PLN|100&nbsp;€|£100|CHF&nbsp;100|20,000円|10&nbsp;000&nbsp;руб.|SAR&nbsp;500|500 ريال سعودي|$100|100&nbsp;CHF|100&nbsp;CHF|100&nbsp;franchi svizzeri|$100|
country_name|la France|Deutschland|Italia|Polska|España|the United Kingdom|Switzerland|日本|Россия|Saudi Arabia|المملكة العربية السعودية|the United States|la Suisse|die Schweiz|Svizzera|los Estados Unidos|
emissions_with|TRUE|TRUE|TRUE|TRUE|TRUE|TRUE|FALSE|TRUE|TRUE|FALSE|FALSE|TRUE|FALSE|FALSE|FALSE|TRUE|
emissions_low_with|33|33|33|33|33|34|33|36|38|35|35|48|33|33|33|48|
emissions_low_without|25|25|25|25|25|33|33|33|33|33|33|33|33|33|33|33|
emissions_mid_with|64|64|64|64|64|57|56|59|60|58|58|71|56|56|56|71|
emissions_high_without|64|64|64|64|64|71|72|69|72|72|72|72|72|72|72|72|
emissions_high_with|72|72|72|72|72|72|72|72|77|74|74|87|72|72|72|87|
nb_countries_high|128|128|128|128|128|154|154|154|155|155|155|155|154|154|154|155|
nb_countries_low|118|118|118|118|118|145|145|145|145|145|145|145|145|145|145|145|
text_countries_high|le Japon, le Royaume-Uni|Japan, das Vereinigte Königreich|il Giappone, il Regno Unito|Japonię, Wielką Brytanię|Japón, Reino Unido|the European Union, Japan|the European Union, Japan, the United Kingdom|欧州連合、英国|Европейский союз, Япония, Великобритания|the European Union, Japan, the United Kingdom|الاتحاد الأوروبي واليابان والمملكة المتحدة|the European Union, Japan, the United Kingdom|l'Union européenne, le Japon, le Royaume-Uni|die Europäische Union, Japan, das Vereinigte Königreich|l'Unione Europea, il Giappone, il Regno Unito|la Unión Europea, Japón, el Reino Unido|
periodicity|&nbsp;par mois|&nbsp;pro Monat|&nbsp;al mese|&nbsp;miesięcznie|&nbsp;al mes|&nbsp;per month|&nbsp;per month|&nbsp;月額|&nbsp;в месяц|&nbsp;per month|&nbsp;شهريًا|&nbsp;per month|&nbsp;par mois|&nbsp;pro Monat|&nbsp;al mese|&nbsp;al mes|
periodicity_tax|&nbsp;par mois|&nbsp;pro Monat|&nbsp;al mese|&nbsp;miesięcznie|&nbsp;al mes|&nbsp;per year|&nbsp;per year|&nbsp;年額|&nbsp;в месяц|&nbsp;per month|&nbsp;في الشهر|&nbsp;per year|&nbsp;par an|&nbsp;pro Jahr|&nbsp;all'anno|&nbsp;al año|
affected_top3|5|10|5|4|5|5|18|10|4|16|16|18|18|18|18|18|
transfer_top3|2|4|3|4|3|3|3|4|5|12|12|8|3|3|3|8|
affected_top1|2|4|2|2|2|4|4|4|2|11|11|8|4|4|4|8|
transfer_top1|1|2|1|1|1|1|1|1|2|5|5|3|1|1|1|3|
lcu_400|300&nbsp;€|300&nbsp;€|250&nbsp;€|750&nbsp;PLN|250&nbsp;€|£250|400&nbsp;CHF|4万円|13&nbsp;000&nbsp;руб.|SAR&nbsp;800|800 ريال سعودي|$400|400&nbsp;CHF|400&nbsp;CHF|400&nbsp;franchi svizzeri|$400|
lcu_250|200&nbsp;€|200&nbsp;€|150&nbsp;€|450&nbsp;PLN|150&nbsp;€|£150|250&nbsp;CHF|3万円|6&nbsp;500&nbsp;руб.|SAR&nbsp;500|500 ريال سعودي|$250|250&nbsp;CHF|250&nbsp;CHF|250&nbsp;franchi svizzeri|$250|
lcu_1500|150&nbsp;€|150&nbsp;€|150&nbsp;€|150&nbsp;PLN|150&nbsp;€|£1,500|1,500&nbsp;CHF|15万円|15&nbsp;000&nbsp;руб.|SAR&nbsp;150|150 ريال سعودي|$1,500|1,500&nbsp;CHF|1,500&nbsp;CHF|1,500&nbsp;CHF|$1,500|
lcu_1500_top3|150&nbsp;€|150&nbsp;€|150&nbsp;€|150&nbsp;PLN|150&nbsp;€|£1,500|1,500&nbsp;CHF|15万円|15&nbsp;000&nbsp;руб.|SAR&nbsp;150|150 ريال سعودي|$1,500|1,500&nbsp;CHF|1,500&nbsp;CHF|1,500&nbsp;CHF|$1,500|
lcu_10k|1&nbsp;000&nbsp;€|1&nbsp;000&nbsp;€|1&nbsp;000&nbsp;€|1&nbsp;000&nbsp;PLN|1&nbsp;000&nbsp;€|£10,000|10,000&nbsp;CHF|100万円|100&nbsp;000&nbsp;руб.|SAR&nbsp;1,000|1,000 ريال سعودي|$10,000|10,000&nbsp;CHF|10,000&nbsp;CHF|10,000&nbsp;CHF|$10,000|
lcu_10k_top3|1&nbsp;000&nbsp;€|1&nbsp;000&nbsp;€|1&nbsp;000&nbsp;€|1&nbsp;000&nbsp;PLN|1&nbsp;000&nbsp;€|£10,000|10,000&nbsp;CHF|100万円|100&nbsp;000&nbsp;руб.|SAR&nbsp;1,000|1,000 ريال سعودي|$10,000|10,000&nbsp;CHF|10,000&nbsp;CHF|10,000&nbsp;CHF|$10,000|
lcu_75k|4&nbsp;500&nbsp;€|4&nbsp;500&nbsp;€|4&nbsp;000&nbsp;€|10&nbsp;000&nbsp;PLN|3&nbsp;500&nbsp;€|£50,000|80,000&nbsp;CHF|750万円|150&nbsp;000&nbsp;руб.|SAR&nbsp;8,000|8,000 ريال سعودي|$75,000|80,000&nbsp;CHF|80,000&nbsp;CHF|80,000&nbsp;CHF|$75,000|
lcu_80k|5&nbsp;000&nbsp;€|5&nbsp;000&nbsp;€|4&nbsp;500&nbsp;€|13&nbsp;000&nbsp;PLN|4&nbsp;000&nbsp;€|£60,000|85,000&nbsp;CHF|800万円|200&nbsp;000&nbsp;руб.|SAR&nbsp;10,000|10,000 ريال سعودي|$80,000|85,000&nbsp;CHF|85,000&nbsp;CHF|85,000&nbsp;CHF|$80,000|
lcu_90k|6&nbsp;000&nbsp;€|6&nbsp;000&nbsp;€|5&nbsp;500&nbsp;€|14&nbsp;000&nbsp;PLN|5&nbsp;000&nbsp;€|£70,000|95,000&nbsp;CHF|900万円|300&nbsp;000&nbsp;руб.|SAR&nbsp;11,000|11,000 ريال سعودي|$90,000|95,000&nbsp;CHF|95,000&nbsp;CHF|95,000&nbsp;CHF|$90,000|
lcu_100k|7&nbsp;000&nbsp;€|7&nbsp;000&nbsp;€|7&nbsp;000&nbsp;€|17&nbsp;500&nbsp;PLN|5&nbsp;000&nbsp;€|£80,000|125,000&nbsp;CHF|1,000万円|250&nbsp;000&nbsp;руб.|SAR&nbsp;12,000|12,000 ريال سعودي|$100,000|125,000&nbsp;CHF|125,000&nbsp;CHF|125,000&nbsp;CHF|$100,000|
lcu_120k|7&nbsp;500&nbsp;€|7&nbsp;500&nbsp;€|7&nbsp;500&nbsp;€|20&nbsp;000&nbsp;PLN|6&nbsp;000&nbsp;€|£90,000|130,000&nbsp;CHF|1,200万円|300&nbsp;000&nbsp;руб.|SAR&nbsp;15,000|15,000 ريال سعودي|$120,000|130,000&nbsp;CHF|130,000&nbsp;CHF|130,000&nbsp;CHF|$120,000|
lcu_130k|8&nbsp;500&nbsp;€|8&nbsp;500&nbsp;€|8&nbsp;500&nbsp;€|21&nbsp;000&nbsp;PLN|7&nbsp;000&nbsp;€|£100,000|140,000&nbsp;CHF|1,300万円|400&nbsp;000&nbsp;руб.|SAR&nbsp;16,000|16,000 ريال سعودي|$130,000|140,000&nbsp;CHF|140,000&nbsp;CHF|140,000&nbsp;CHF|$130,000|
lcu_150k|9&nbsp;000&nbsp;€|9&nbsp;000&nbsp;€|8&nbsp;000&nbsp;€|20&nbsp;000&nbsp;PLN|7&nbsp;000&nbsp;€|£100,000|160,000&nbsp;CHF|1,500万円|300&nbsp;000&nbsp;руб.|SAR&nbsp;16,000|16,000 ريال سعودي|$150,000|160,000&nbsp;CHF|160,000&nbsp;CHF|160,000&nbsp;CHF|$150,000|
lcu_200k|14&nbsp;000&nbsp;€|14&nbsp;000&nbsp;€|14&nbsp;000&nbsp;€|35&nbsp;000&nbsp;PLN|10&nbsp;000&nbsp;€|£160,000|250,000&nbsp;CHF|2,000万円|500&nbsp;000&nbsp;руб.|SAR&nbsp;24,000|24,000 ريال سعودي|$200,000|250,000&nbsp;CHF|250,000&nbsp;CHF|250,000&nbsp;CHF|$200,000|
lcu_1M|60&nbsp;000&nbsp;€|60&nbsp;000&nbsp;€|60&nbsp;000&nbsp;€|150&nbsp;000&nbsp;PLN|50&nbsp;000&nbsp;€|£700,000|1&nbsp;million&nbsp;CHF|10,000万円|2&nbsp;500&nbsp;000&nbsp;руб.|SAR&nbsp;130,000|130,000 ريال سعودي|$1 million|1&nbsp;million&nbsp;CHF|1&nbsp;million&nbsp;CHF|1&nbsp;million&nbsp;CHF|$1 millón|
tax_country_name|En France|In Deutschland|In Italia|W Polsce|En España|In the United Kingdom|In Switzerland|日本では|В России|In Saudi Arabia|في المملكة العربية السعودية|In the United States|En Suisse|In der Schweiz|In Svizzera|En EE.UU.|
tax_country_gdp|PIB Français|deutschen BIP|PIL italiano|Polski PKB|PIB español|UK GDP|Swiss GDP|日本のGDP|ВВП России|Saudi Arabia's GDP|الناتج المحلي الإجمالي السعودي|U.S. GDP|PIB suisse|Schweizer BIP|PIL svizzero|U.S. GDP|
tax_revenue|45 milliards d'euros|40 Milliarden Euro|10 miliardi di euro|5 mld PLN|6.000 millones de Euros|£11 billion|CHF 13 billion|4兆円|1800 миллиардов рублей|SAR&nbsp;16 billion|16 مليار ريال|$514 billion|14 milliards CHF|CHF 14 Billionen|14 miliardi di franchi svizzeri|514.000 millones de dólares|
LIC_revenue|1 milliard d'euros|1 Milliarde Euro|1 miliardo di euro|4 mld PLN|1.000 millones de Euros|£1 billion|CHF 1 billion|2,000億円|90 миллиардов рублей|SAR&nbsp;1 billion|4 مليار ريال|$1 billion|1 milliard CHF|CHF 1 Billion|1 miliardo di franchi svizzeri|1.000 millones de dólares|
tax_revenue_gdp|1,6|1|0.5|0,2|0.4|0.4|2|0.5|1|0.4|0.4|2|2|2|2|2|
tax_threshold|5 millions d'euros|5 Millionen Euro|5 milioni di euro|20 mln PLN|5 millones de Euros|£4 million|5 million CHF|7億円|400 миллионов рублей|SAR&nbsp;20 million|20 مليون ريال|$5 million|5 millions CHF|5 Millionen CHF|5 milioni di franchi svizzeri|$5 millones|
wealth_threshold|1 million d'euros|1 Million Euro|1 milione di euro|4 mln PLN|1 millón de Euros|£1 million|$1 million|1.5億円|100 миллионов рублей|SAR&nbsp;4 million|4 مليون ريال|$1 million|1 million CHF|1 Million CHF|1 milione di franchi svizzeri|$1 millón|
gcs_high_legend|\n \nGain ou perte par adulte\nsuite au\nPlan mondial pour le climat\nen 2030 (en % du PIB)|\n \nNettogewinn pro\nErwachsenem infolge des\nglobalen Klimaprogramms\nim Jahr 2030 (in % des BIP)|\n\nGuadagno netto per adulto\na seguito del\nProgramma Globale per il Clima\nnel 2030 (in % del PIL)|Zysk netto\nna osobę dorosłą\nw wyniku realizacji z\nGlobalnego Programu\nKlimatycznego\nw 2030 r.\n(w % PKB)|\n\nGanancia neta por adulto\nsegún el\nPlan Climático Global\nen 2030 (en % del PIB)|Net gain per adult\nfollowing the\nGlobal Climate Scheme\nin 2030\n(in % of GDP)|Net gain per adult\nfollowing the\nGlobal Climate Scheme\nin 2030\n(in % of GDP)|成人1人あたりの\n経済的な純増減額。\n地球規模の\n気候対策制度に基づく、\n2030年時点の数値\n（GDPに対する％）|\n\nЧистая прибыль\nна одного взрослого человека\nпосле реализации\nГлобальной климатической схемы\nв 2030 году (в % от ВВП)|Net gain per adult\nfollowing the\nGlobal Climate Scheme\nin 2030\n(in % of GDP)|الناتج المحلي الإجمالي(n\)بالنسبة المئوية من n\في عام 0302n\بعد مخطط المناخ العالميn\لكل شخص بالغn\صافي المكاسب|Net gain per adult\nfollowing the\nGlobal Climate Scheme\nin 2030\n(in % of GDP)|\n\nGain ou perte par adulte\nsuite au\nPlan mondial pour le climat\nen 2030 (en % du PIB)|\n \nNettogewinn pro\nErwachsenem infolge des\nglobalen Klimaprogramms\nim Jahr 2030 (in % des BIP)|\n\nGuadagno netto per adulto\na seguito del\nProgramma Globale per il Clima\nnel 2030 (in % del PIL)|\n\nGanancia neta por adulto\nsegún el\nPlan Climático Global\nen 2030 (en % del PIB)|
to|à|bis|-|do|a|to|to|から|-|to|ىلإ|to|à|bis|-|a|
na_label|Non Participant|Nicht-Teilnehmer|Non partecipante|Nieuczestniczący|No participante|Non-Participant|Non Participant|不参加国|Не участник|Non-Participant|كراشم ريغ|Non-Participant|Non Participant|Nicht-Teilnehmer|Non partecipante|No participante|
nationality|Français|Deutschen|Italiani|Polaków|españoles|British people|Swiss people|日本人|Русский народ|Saudis|السعوديين|American people|Suisses|Schweizer|Svizzeri|estadounidenses|
country_adjective|Français|Deutsche|italiano|Polak|español|British person|Swiss|日本人|Русский|Saudi|سعودي|American|Suisse|Schweizer|svizzero|estadounidense|
country_adjective_plural|Les Français|Deutsche|Italiani|Polacy|Los españoles|British people|Swiss|日本人|Русский|Saudis|سعوديون|Americans|Suisses|Schweizer|svizzeri|estadounidenses|
ics_country|l'Union Européenne|die Europäische Union|l'Unione Europea|Unii Europejskiej|la Unión Europea|the United Kingdom|Switzerland|日本|российская федерация|Saudi Arabia|المملكة العربية السعودية|the United States|la Suisse|die Schweiz|la Svizzera|los Estados Unidos|
developed_note||||(Proszę wziąć pod uwagę, że Polska jest klasyfikowana jako kraj rozwinięty)|||||(Обратите внимание, что в данном вопросе мы не считаем Российскую Федерацию развитой страной).|(Note that we consider Saudi Arabia to be a developed country in this question.)|(لاحظ أننا نعتبر المملكة العربية السعودية دولة متقدمة في هذا السؤال).||||||
developed_note_long||||(Ponieważ niekt&oacute;re pozycje odnoszą się do &bdquo;kraj&oacute;w rozwiniętych&rdquo;, proszę wziąć pod uwagę, że Polska należy do kraj&oacute;w rozwiniętych)|||||(Поскольку в некоторых пунктах упоминаются «развитые страны», обратите внимание, что в данном вопросе мы не считаем Российскую Федерацию развитой страной).|(Since some items refer to "developed countries", note that we consider Saudi Arabia to be a developed country in this question.)|(بما أن بعض البنود تشير إلى ”الدول المتقدمة“، لاحظ أننا نعتبر المملكة العربية السعودية دولة متقدمة في هذا السؤال).|||(Da sich einige Punkte auf „entwickelte Länder“ beziehen, beachten Sie bitte, dass Saudi-Arabien in dieser Frage als entwickeltes Land betrachtet wird.)|Poiché alcune voci fanno riferimento ai "Paesi sviluppati", si noti che in questa domanda consideriamo l'Arabia Saudita un Paese sviluppato||
election|élections européennes de 2024|Bundestagswahl 2025|elezioni del Parlamento europeo del 2024|wyborach do Parlamentu Europejskiego w 2024 r.|elecciones al Parlamento Europeo de 2024|2024 United Kingdom general election|2023 Swiss federal election|2024年 衆議院議員総選挙|Выборы президента России 2024 года|na|na|2024 presidential election|élections fédérales suisses de 2023|Schweizer Parlamentswahlen 2023|elezioni federali in Svizzera del 2023|las elecciones presidenciales de 2024|
belief_nationality|Américains|US-Amerikaner|Americani|Amerykanów|estadounidenses|Americans|Americans|アメリカ人|Американцы|Americans|الأمريكيين|Europeans|Américains|US-Amerikaner|Americani|Europeos|
belief_loss|80&nbsp;€|80&nbsp;€|80&nbsp;€|340 PLN|80&nbsp;€|£70|75&nbsp;CHF|13,000円|7&nbsp;500&nbsp;руб.|SAR&nbsp;330|330 ريال سعودي|$30|75&nbsp;CHF|75&nbsp;CHF|75&nbsp;franchi svizzeri|$30|
hic_tax_en|Imagine that all other high-income countries (such as the United States, Japan, Germany, Italy, the United Kingdom...) adopt this policy and some middle-income countries (such as China) do not.|Imagine that all other high-income countries (such as the United States, Japan, France, Italy, the United Kingdom...) adopt this policy and some middle-income countries (such as China) do not.|Imagine that all other high-income countries (such as the United States, Japan, Germany, France, the United Kingdom...) adopt this policy and some middle-income countries (such as China) do not.|Imagine that all other high-income countries (such as the United States, Japan, Germany, France, the United Kingdom...) adopt this policy and some middle-income countries (such as China) do not.|Imagine that all other high-income countries (such as the United States, Japan, Germany, France, the United Kingdom...) adopt this policy and some middle-income countries (such as China) do not.|Imagine that all other high-income countries (such as the United States, Japan, Germany, France, Italy...) adopt this policy and some middle-income countries (such as China) do not.|Imagine that all other high-income countries (such as the United States, the European Union, Japan...) adopt this policy and some middle-income countries (such as China) do not.|Imagine that all other high-income countries (such as the United States, the European Union, South Korea...) adopt this policy and some middle-income countries (such as China) do not.|Imagine that all other high-income countries (such as the United States, the European Union, Japan...) adopt this policy and some middle-income countries (such as China) do not.|Imagine that all other high-income countries (such as the United States, the European Union, Japan...) adopt this policy and some middle-income countries (such as China) do not.|Imagine that all other high-income countries (such as the United States, the European Union, Japan...) adopt this policy and some middle-income countries (such as China) do not.|Imagine that all other high-income countries (such as the European Union, Japan, Canada...) adopt this policy and some middle-income countries (such as China) do not.|Imagine that all other high-income countries (such as the United States, the European Union, Japan...) adopt this policy and some middle-income countries (such as China) do not.|Imagine that all other high-income countries (such as the United States, the European Union, Japan...) adopt this policy and some middle-income countries (such as China) do not.|Imagine that all other high-income countries (such as the United States, the European Union, Japan...) adopt this policy and some middle-income countries (such as China) do not.|Imagine that all other high-income countries (such as the United States, the European Union, Japan...) adopt this policy and some middle-income countries (such as China) do not.|
hic_tax|Imaginez que tous les autres pays à hauts revenus (tels que les États-Unis, le Japon, l'Allemagne, l'Italie, le Royaume-Uni...) adoptent cette mesure et que certains pays à revenus moyens (tels que la Chine) ne l'adoptent pas.|Stellen Sie sich vor, dass alle anderen Länder mit hohem Einkommen (wie die Vereinigten Staaten, Japan, Frankreich, Italien, das Vereinigte Königreich usw.) diese Maßnahme einführen, während einige Länder mit mittlerem Einkommen (wie China) dies nicht tun.|Immaginiamo che tutti gli altri Paesi ad alto reddito (come Stati Uniti, Giappone, Germania, Francia, Regno Unito...) adottino questa politica e che alcuni Paesi a medio reddito (come la Cina) non la adottino.|Proszę sobie wyobrazić, że wszystkie inne kraje o wysokim dochodzie (takie jak Stany Zjednoczone, Japonia, Niemcy, Francja, Wielka Brytania...) przyjęły tę politykę, a niektóre kraje o średnich dochodach (takie jak Chiny) tego nie zrobiły.|Imagine que todos los demás países de renta alta (como Estados Unidos, Japón, Alemania, Francia, Reino Unido...) adoptan esta política y algunos países de renta media (como China) no lo hacen.|Imagine that all other high-income countries (such as the United States, Japan, Germany, France, Italy...) adopt this policy and some middle-income countries (such as China) do not.|Imagine that all other high-income countries (such as the United States, the European Union, Japan...) adopt this policy and some middle-income countries (such as China) do not.|他のすべての高所得国（米国、EU、韓国など）がこの政策を採用し、一部の中所得国（中国など）が採用しないとします。|Представьте себе, что все остальные страны с высоким уровнем дохода (такие как США, Европейский союз, Япония...) принимают эту политику, а некоторые страны со средним уровнем дохода (например, Китай) - нет.|Imagine that all other high-income countries (such as the United States, the European Union, Japan...) adopt this policy and some middle-income countries (such as China) do not.|تخيّل أن جميع الدول الأخرى ذات الدخل المرتفع (كالاتحاد الأوروبي واليابان وكندا) تتبنى هذه السياسة، بينما ترفضها بعض الدول ذات الدخل المتوسط (كالصين).|Imagine that all other high-income countries (such as the European Union, Japan, Canada...) adopt this policy and some middle-income countries (such as China) do not.|Imaginez que tous les autres pays à revenu élevé (tels que les États-Unis, l'Union européenne, le Japon...) adoptent cette politique et que certains pays à revenu moyen (tels que la Chine) ne le fassent pas.|Stellen Sie sich vor, dass alle anderen Länder mit hohem Einkommen (wie die Vereinigten Staaten, die Europäische Union, Japan, usw.) diese Maßnahme einführen, während einige Länder mit mittlerem Einkommen (wie China) dies nicht tun.|Immaginiamo che tutti gli altri Paesi ad alto reddito (come gli Stati Uniti, l'Unione Europea, il Giappone...) adottino questa politica e che alcuni Paesi a medio reddito (come la Cina) non la adottino.|Imagine que todos los demás países de renta alta (como la Unión Europea, Japón, Canadá...) adoptan esta política y algunos países de renta media (como China) no.|
intl_tax_en|Imagine that some countries (such as Germany, Spain, the United Kingdom, Brazil...) adopt this policy and others (such as the United States and China) do not.|Imagine that some countries (such as France, Spain, the United Kingdom, Brazil...) adopt this policy and others (such as the United States and China) do not.|Imagine that some countries (such as Germany, France, Spain, the United Kingdom, Brazil...) adopt this policy and others (such as the United States and China) do not.|Imagine that some countries (such as Germany, France, Spain, the United Kingdom, Brazil...) adopt this policy and others (such as the United States and China) do not.|Imagine that some countries (such as Germany, France, Spain, the United Kingdom, Brazil...) adopt this policy and others (such as the United States and China) do not.|Imagine that some countries (such as Brazil and those in the European Union) adopt this policy and others (such as the United States and China) do not.|Imagine that some countries (such as the European Union, the United Kingdom, and Brazil) adopt this policy and others (such as the United States and China) do not.|Imagine that some countries (such as the European Union, Brazil, and South Korea) adopt this policy and others (such as the United States and China) do not.|Imagine that some countries (such as the European Union, the United Kingdom, and Brazil) adopt this policy and others (such as the United States and China) do not.|Imagine that some countries (such as the European Union, the United Kingdom, and Brazil) adopt this policy and others (such as the United States and China) do not.|Imagine that some countries (such as the European Union, the United Kingdom, and Brazil) adopt this policy and others (such as the United States and China) do not.|Imagine that some countries (such as the European Union, the United Kingdom, and Brazil) adopt this policy and others (such as Japan, Canada, and China) do not.|Imagine that some countries (such as the European Union, the United Kingdom, and Brazil) adopt this policy and others (such as the United States and China) do not.|Imagine that some countries (such as the European Union, the United Kingdom, and Brazil) adopt this policy and others (such as the United States and China) do not.|Imagine that some countries (such as the European Union, the United Kingdom, and Brazil) adopt this policy and others (such as the United States and China) do not.|Imagine that some countries (such as the European Union, the United Kingdom, and Brazil) adopt this policy and others (such as the United States and China) do not.|
intl_tax|Imaginez que certains pays (tels que l'Allemagne, l'Espagne, le Royaume-Uni, le Brésil...) adoptent cette mesure et que d'autres pays (tels que les États-Unis et la Chine) ne l'adoptent pas.|Stellen Sie sich vor, dass einige Länder (wie Frankreich, Spanien, das Vereinigte Königreich, Brasilien...) diese Maßnahme einführen, während andere (wie die Vereinigten Staaten und China) dies nicht tun.|Immaginiamo che alcuni Paesi (come Germania, Francia, Spagna, Regno Unito, Brasile...) adottino questa politica e altri (come Stati Uniti e Cina) no.|Proszę sobie wyobrazić, że niektóre kraje (takie jak Niemcy, Francja, Hiszpania, Wielka Brytania, Brazylia...) przyjęły tę politykę, a inne (takie jak Stany Zjednoczone i Chiny) tego nie zrobiły.|Imagine que algunos países (como Alemania, Francia, el Reino Unido, Brasil...) adoptan esta política y otros (como Estados Unidos y China) no lo hacen.|Imagine that some countries (such as Brazil and those in the European Union) adopt this policy and others (such as the United States and China) do not.|Imagine that some countries (such as the European Union, the United Kingdom, and Brazil) adopt this policy and others (such as the United States and China) do not.|この政策を採用する国（EU、ブラジル、韓国など）と採用しない国（米国、中国など）があるとしよう。|Представьте себе, что некоторые страны (например, Европейский союз, Великобритания и Бразилия) принимают эту политику, а другие (например, США и Китай) - нет.|Imagine that some countries (such as the European Union, the United Kingdom, and Brazil) adopt this policy and others (such as the United States and China) do not.|تخيّل أن بعض الدول (كالاتحاد الأوروبي) تتبنى هذه السياسة، بينما ترفضها دول أخرى (كاليابان وكندا والصين).|Imagine that some countries (such as the European Union, the United Kingdom, and Brazil) adopt this policy and others (such as Japan, Canada, and China) do not.|Imaginez que certains pays (comme l'Union européenne, le Royaume-Uni et le Brésil) adoptent cette politique et que d'autres (comme les États-Unis et la Chine) ne le fassent pas.|Stellen Sie sich vor, dass einige Länder (wie die Europäische Union, das Vereinigte Königreich und Brasilien) diese Massnahme einführen, während andere (wie die Vereinigten Staaten und China) dies nicht tun.|Immaginiamo che alcuni Paesi (come l'Unione Europea, il Regno Unito e il Brasile) adottino questa politica e altri (come gli Stati Uniti e la Cina) no.|Imagine que algunos países (como la Unión Europea, el Reino Unido y Brasil) adoptan esta política y otros (como Japón, Canadá y China) no.|
educ_1|École primaire ou aucun|Keine abgeschlossene Schulbildung / Grundschule|Istruzione primaria o Nessun titolo di studio|Podstawowe lub brak|Escuela primaria o menos|Primary education or less|Primary level or less|初等教育以下|Начальная школа или меньше|Primary education or less|تعليم ابتدائي أو أقل|Primary school or less|École primaire ou aucun|Primarstufe oder weniger|Livello primario o inferiore|Primaria o menos|
educ_2|Brevet|Untere Sekundarstufe (z.B. Haupt- oder Realschulabschluss)|Licenza media|Zasadnicze zawodowe|Educación secundaria obligatoria (ESO)|Some secondary education|Lower secondary level|中等教育|Oсновное общее образование|Middle school or Some high school without diploma|تعليم متوسط أو عدم إتمام الثانوية العامة|Eighth grade|Niveau secondaire I|Sekundarstufe I|Livello secondario I|Octavo grado|
educ_3|Lycée sans diplôme|Gymnasiale Oberstufe abgebrochen|Scuola superiore, senza diploma di maturità|Średnie zawodowe|Formación profesional básica (FP)|General Certificate of Secondary Education (GCSE)|Secondary level II without qualification|高等学校または専門学校（修了証書なし）|Среднее общее образование (неполное)|Vocational high school (such as industrial or buildings secondary education)|المعاهد الصناعية الثانوية (صناعية أو عمارة وتشييد)|Some high school (without diploma)|Secondaire II sans diplôme|Sekundarstufe II ohne Abschluss|Livello secondario II senza qualifica|Algunos estudios secundarios|
educ_4|Baccalauréat (général, technologique ou professionnel)|Abitur|Diploma di maturità, esame di Stato|Średnie ogólne|Bachillerato|High school degree (A levels)|Gymnasium baccalaureate or specialized baccalaureate|高等学校卒業|Единый государственный экзамен (ЕГЭ)|Regular high school diploma|حاصل على الثانوية العامة|Regular high school diploma/GED or an alternative credential|Maturité gymnasiale ou maturité spécialisée|Gymnasiale Maturität oder Fachmaturität|Diploma di maturità liceale o di maturità specializzata|Bachillerato ordinario/GED o credencial alternativa|
educ_5|CAP ou BEP|Erstausbildung oder Beruflicher Abschluss|Certificato di Specializzazione Tecnica Superiore (IFTS)|Policealne / pomaturalne|Formación profesional de grado medio|Vocational upper secondary (Level 3 Award, level 3 Certificate, level 3 Diploma, Advanced Apprenticeship, etc.)|Basic vocational training or vocational baccalaureate|専門学校卒業|Профессиональное училище или cреднее профессиональное образование|Associate diploma (1 year training after high school)|دبلوم متوسط (دراسة لمدة عام واحد بعد إتمام الثانوية العامة)|Vocational training or some college education without degree|Formation professionnelle initiale ou maturité professionnelle|Berufliche Grundbildung oder Berufsmaturität|Formazione professionale di base o diploma di maturità professionale|Formación profesional o estudios universitarios sin titulación|
educ_6|Bac +2 (BTS, DUT, DEUG…)|Zweitausbildung oder Fachhochschulreife|Diploma di Tecnico Superiore (ITS)|Specjalistyczne / kolegium|Formación profesional de grado superior|Higher vocational education (Level 4+ Award, level 4+ Certificate, level 4+ Diploma, Higher Apprenticeship, etc.)|Further education|準学士号または短期大学卒業|Специалитет|Technical or vocational college degree (2 or 3 years after high school)|دبلوم الكليات التقنية أو المهنية (دراسة لمدة عامين أو ثلاثة بعد إتمام الثانوية العامة)|Associate degree or 2-year college degree (for example: AA, AS)|Formation continue|Weiterbildung|Formazione continua|Diplomatura o licenciatura universitaria de dos años (por ejemplo: AA, AS)|
educ_7|Bac +3 (licence…)|Bachelor oder Fachschulabschluss|Laurea triennale o equivalente (AFAM…)|Wyższe licencjackie lub równorzędne|Grado universitario|Bachelor's Degree (BA, BSc, BEng, etc.)|Bachelor's degree or equivalent (Advanced Federal Professional Examination, professional examination, federal certificate)|学士号|Бакалавр|Bachelor's degree or equivalent|درجة بكالوريوس أو ما يُعادلها|Bachelor's degree (for example: BA, BS)|Bachelor ou équivalent (Certificat fédéral de capacité, examen professionnel, examen de maîtrise, brevet fédéral, diplôme fédéral)|Bachelor oder gleichwertig (Eidgenössische Fähigkeitszeugnis, Berufsprüfung, Höhere Fachprüfung, eidg. Fauchausweis, eidg. Diplom)|Laurea triennale o equivalente (attestato federale di capacità, esame professionale, esame di maestria, attestato professionale federale, diploma federale)|Licenciatura (por ejemplo: BA, BS)|
educ_8|Bac +5 ou plus (master, école d'ingénieur ou de commerce, doctorat, médecine, maîtrise, DEA, DESS...)|Master-Abschluss oder höher|Laurea magistrale o livello di istruzione superiore|Wyższe magisterskie lub więcej|Máster o doctorado|Postgraduate diploma or certificate, Master's Degree (MSc, MA, MBA, etc.) or Ph.D.|Master's degree or more|修士号以上|Магистр или более|Master's degree or higher|درجة ماجستير أو أعلى|Master’s degree or above (MA, MS, MEng, MEd, MSW, MBA, MD, DDS, DVM, LLB, JD, PhD)|Master ou plus|Master-Abschluss oder höher|Laurea magistrale o livello di istruzione superiore|Máster o superior (MA, MS, MEng, MEd, MSW, MBA, MD, DDS, DVM, LLB, JD, PhD)|
sample_size|1&nbsp;000|1&nbsp;000|1&nbsp;000|500|500|1,000|500|2,000|1&nbsp;000|1,000|1,000|3,000|500|500|500|3,000|
name_gcs|Plan mondial pour le climat|globales Klimaprogramm|Programma Globale per il Clima|Globalny Program Klimatyczny|Plan Climático Global|Global Climate Scheme|Global Climate Scheme|地球規模の気候対策制度|Глобальная климатическая схема|Global Climate Scheme|مخطط المناخ العالمي|Global Climate Scheme|Plan mondial pour le climat|globales Klimaprogramm|Programma Globale per il Clima|Plan Global Climático|
participating|Pays participant|Teilnehmendes Land|Paese partecipante|Kraj uczestniczący|País participante|Participating country|Participating country|参加国|Страна-участница|Participating country|دولة مشاركة|Participating country|Pays participant|Teilnehmendes Land|Paese partecipante|País participante|
potential_party|Pays participant potentiel|Potentiell teilnehmendes Land|Paese potenzialmente partecipante|Potencjalny kraj uczestniczący|País participante potencial|Potential participating country|Potential participating country|参加の可能性がある国|Потенциальная страна-участница|Potential participating country|دولة محتمل مشاركتها|Potential participating country|Pays participant potentiel|Potentiell teilnehmendes Land|Paese potenzialmente partecipante|País participante potencial|
tree|chaque euro donné|jeder gespendete Euro|ogni euro donato|każde otrzymane 4 PLN|cada Euro donado|every pound donated|every Swiss Frank donated|150円の寄付につき|каждые 100 рублей пожертвований|every dollar donated|كل 4 ريالات يتم التبرع بها|every dollar donated|chaque Franc suisse donné|jeder gespendete Schweizer Franken|ogni franco svizzero donato|cada dólar donado|
currency|euro|Euro|euro|złot&oacute;wkę|Euro|pound|Swiss Frank|円|рубль|Saudi riyal|ريـال سعودي|dollar|Franc suisse|Schweizer Franken|franco svizzero|Dólar|
text_vote_voted|Pour quel liste avez-vous vot&eacute; aux <span id="election">&eacute;lections europ&eacute;ennes de 2024</span> ?|Für welche Partei haben Sie bei der <span id="election">[Wahl: Europawahl 2024]</span> gestimmt (Zweitstimme)?|Per quale partito hai votato alle <span id="election">[election: elezioni del Parlamento europeo del 2024]</span>?|Na kt&oacute;rą partię głosował(a) Pan/Pani w <span id="election">wyborach do Parlamentu Europejskiego w 2024 r.</span>?|Por qué candidato votó en las <span id="election">[election: 2024 European Parliament election]</span>?|Which candidate did you vote for in the <span id="election">[election: 2024 European Parliament election]</span>?|Which candidate did you vote for in the <span id="election">[election: 2024 European Parliament election]</span>?|<span id="election">[選挙：2024年欧州議会選挙]</span>ではどの政党に投票しましたか？||||Which candidate did you vote for in the <span id="election">[election: 2024 European Parliament election]</span>?|Pour quel candidat avez-vous vot&eacute; aux <span id="election">&eacute;lections europ&eacute;ennes de 2024</span>|Für welche Partei haben Sie bei der <span id="election">[Wahl: Europawahl 2024]</span> gestimmt?|Per quale partito hai votato alle <span id="election">[elezioni: elezioni del Parlamento europeo del 2024]</span>?|¿Por cuál candidato votó en las <span id="election">[election: 2024 European Parliament election]</span>?|
text_vote_didnt_vote|M&ecirc;me si vous n&#39;avez pas vot&eacute; aux <span id="election">&eacute;lections du Parlement europ&eacute;en de 2024</span>, veuillez indiquer le candidat pour lequel vous &eacute;tiez le plus susceptible d&#39;avoir vot&eacute; ou qui repr&eacute;sente plus fid&egrave;lement vos opinions.|Auch wenn Sie nicht an den <span id="election">[election: 2024 European Parliament election]</span> teilgenommen haben, geben Sie bitte die Partei an, die Sie am ehesten gewählt hätten oder die Ihre Ansichten am ehesten vertritt.|Anche se non hai votato alle <span id="election">[elezioni: elezioni del Parlamento europeo del 2024]</span>, ti preghiamo di indicare il partito per il quale avresti probabilmente votato o che rappresenta al meglio le tue opinioni.|Nawet jeśli nie głosował(a) Pan/Pani w <span id="election">wyborach do Parlamentu Europejskiego w 2024 r.</span>, prosimy o wskazanie partii, na kt&oacute;rą najprawdopodobniej oddał(a)by Pan/Pani głos, lub kt&oacute;ra najlepiej odzwierciedla Pana/Pani poglądy.|Aunque no haya votado en las <span id="election">[election: 2024 European Parliament election]</span>, indique el candidato por el que hubiera votado con más probabilidad o que represente mejor sus opiniones.|Even if you did not vote in the <span id="election">[election: 2024 European Parliament election]</span>, please indicate the candidate that you were most likely to have voted for or who represents your views more closely.|Even if you did not vote in the <span id="election">[election: 2024 European Parliament election]</span>, please indicate the candidate that you were most likely to have voted for or who represents your views more closely.|<span id="election">[選挙：2024年欧州議会選挙]</span>で投票しなかった場合でも、最も投票した可能性の高い政党、またはあなたの考えに近い政党をお答えください。||||Even if you did not vote in the <span id="election">[election: 2024 European Parliament election]</span>, please indicate the candidate that you were most likely to have voted for or who represents your views more closely.|M&ecirc;me si vous n&#39;avez pas vot&eacute; aux <span id="election">&eacute;lections du Parlement europ&eacute;en de 2024</span> , veuillez indiquer le candidat pour lequel vous &eacute;tiez le plus susceptible d&#39;avoir vot&eacute; ou qui repr&eacute;sente plus fid&egrave;lement vos opinions.|Auch wenn Sie nicht an den <span id="election">[election: 2024 European Parliament election]</span> teilgenommen haben, geben Sie bitte die Partei an, die Sie am ehesten gewählt hätten oder die Ihre Ansichten am ehesten vertritt.|Anche se non hai votato alle <span id="election">[elezioni: elezioni del Parlamento europeo del 2024]</span>, ti preghiamo di indicare il partito per il quale avresti probabilmente votato o che rappresenta al meglio le tue opinioni.|Aunque no haya votado en las <span id="election">[election: 2024 European Parliament election]</span>, indique el candidato al que hubiera votado con más probabilidad o que represente mejor sus opiniones.|
sum_name|Total|Gesamt|Totale|Suma|Total|Total|Total|合計|Итого|Total|المجموع|Total|Total|Gesamt|Totale|Total|
country_adjective2||deutsche||||||||||||schweizer|||
